index,sim_idx,hdgrid,avg_msc,avg_delays,instant_delays,vol_dep,density,logsum,time
1,1,5.0,-0.05582914318424342,2.0828723731040624,2.0824926863945716,0.00043932995782593,0.00043932995782593,-472.10711851591583,38.48627199057676
2,1,5.083333333333333,-0.07693219234217841,2.0830680691012198,2.0824946021709323,0.0005907690536275852,0.0010300990114534346,-472.10711851591583,38.48627199057676
3,1,5.166666666666667,-0.10167380808832191,2.083339829977404,2.0824999009615306,0.0016339910917838676,0.002664090103233578,-472.10711851591583,38.48627199057676
4,1,5.25,-0.1311660101242307,2.0837539247428465,2.082545083605072,0.013933422527639175,0.01659708777053947,-472.10711851591583,38.48627199057676
5,1,5.333333333333333,-0.16721859817223853,2.0843747275317233,2.0830513428125554,0.15612669729180462,0.17271252954395444,-472.10711851591583,38.48627199057676
6,1,5.416666666666667,-0.2019580162994052,2.084988450101695,2.0852088472540182,0.6654582898449052,0.8380234098756837,-472.10711851591583,38.48627199057676
7,1,5.5,-0.19406339458125224,2.084881977946742,2.0857094961376292,0.15624653283077644,0.9924087928632466,-472.10711851591583,38.48627199057676
8,1,5.583333333333333,-0.16618439246941477,2.0844740358166143,2.085674512167391,0.01174171976860252,0.9816207659236702,-472.10711851591583,38.48627199057676
9,1,5.666666666666667,-0.1314948192300372,2.083866037533477,2.085073374627979,0.002494612873958046,0.796247638591565,-472.10711851591583,38.48627199057676
10,1,5.75,-0.10134076934931281,2.083318880720449,2.0830324918854854,0.002388619338070858,0.16689945836635078,-472.10711851591583,38.48627199057676
11,1,5.833333333333333,-0.11961647561118556,2.0834821461091506,2.0825722731762495,0.003869833920306034,0.024981551407469244,-472.10711851591583,38.48627199057676
12,1,5.916666666666667,-0.18144191008547722,2.083992892006633,2.0825952458665546,0.01682189266289522,0.032065653074545335,-472.10711851591583,38.48627199057676
13,1,6.0,-0.28749626331389067,2.0847818294080964,2.083111444618838,0.15999609074905485,0.19124615797080025,-472.10711851591583,38.48627199057676
14,1,6.083333333333333,-0.4185201503538098,2.0856324507169943,2.085283889559169,0.6705223580841781,0.8611642484957672,-472.10711851591583,38.48627199057676
15,1,6.166666666666667,-0.5528684976251758,2.085898339153254,2.085804226224185,0.16288381111645303,1.0216207639114085,-472.10711851591583,38.48627199057676
16,1,6.25,-0.762475924569472,2.086097606224275,2.0857965383060626,0.021046823817825727,1.0192500361966177,-472.10711851591583,38.48627199057676
17,1,6.333333333333333,-1.1478377821020989,2.0865533815337645,2.0852334842445917,0.0156499803774109,0.8456207327697156,-472.10711851591583,38.48627199057676
18,1,6.416666666666667,-1.8477528948185014,2.0878348891374037,2.083252581860026,0.022884985573004408,0.234768729872661,-472.10711851591583,38.48627199057676
19,1,6.5,-3.0409405810451644,2.090994487667077,2.082955833177778,0.056815052491532014,0.14326016876407843,-472.10711851591583,38.48627199057676
20,1,6.583333333333333,-4.846245604360312,2.0961080489024004,2.084089529050869,0.36307643334137085,0.4928586144772635,-472.10711851591583,38.48627199057676
21,1,6.666666666666667,-7.55034402362407,2.103532755035071,2.088605807426465,1.3991223726102457,1.885545963873582,-472.10711851591583,38.48627199057676
22,1,6.75,-11.566602390730255,2.1131670075495244,2.0898472998788207,0.39466881240249074,2.2683857024754204,-472.10711851591583,38.48627199057676
23,1,6.833333333333333,-17.40702297625167,2.1275448433396504,2.090422639919887,0.23470623925523282,2.4458036404670533,-472.10711851591583,38.48627199057676
24,1,6.916666666666667,-25.548253705426333,2.1490234515759354,2.092165099943394,0.935109748736258,2.9831270359156923,-472.10711851591583,38.48627199057676
25,1,7.0,-36.675597826296034,2.1808747275024523,2.0972835492853976,2.8873018599865294,4.561506191118561,-472.10711851591583,38.48627199057676
26,1,7.083333333333333,-51.49618555634768,2.2269762579640004,2.113117668865922,5.331189941958636,9.44428271521032,-472.10711851591583,38.48627199057676
27,1,7.166666666666667,-70.1581916869283,2.2871209353605932,2.165569314713624,17.365268974737717,25.618826787123375,-472.10711851591583,38.48627199057676
28,1,7.25,-90.76624552115665,2.348825563943508,2.222630396271202,19.6257612930246,43.21478518896066,-472.10711851591583,38.48627199057676
29,1,7.333333333333333,-112.2668994310765,2.4119563348106334,2.246227186542812,9.023324566369745,50.49134092015837,-472.10711851591583,38.48627199057676
30,1,7.416666666666667,-137.50786779218,2.492913299131225,2.2904211800102434,14.667694614886084,64.11946799796897,-472.10711851591583,38.48627199057676
31,1,7.5,-165.82492268021122,2.5890089056754926,2.364335143816273,24.73582419550106,86.91235935130666,-472.10711851591583,38.48627199057676
32,1,7.583333333333333,-194.58511119894476,2.690028431025525,2.4696342364054846,34.99211544964061,119.38350084345242,-472.10711851591583,38.48627199057676
33,1,7.666666666666667,-221.05886764115567,2.7836305830657095,2.5658124894395966,34.6541774159132,149.0420438180005,-472.10711851591583,38.48627199057676
34,1,7.75,-245.89130400071184,2.87335243894062,2.618246757746588,23.5570830215904,165.2112291677317,-472.10711851591583,38.48627199057676
35,1,7.833333333333333,-272.05099321503053,2.9741747896638944,2.695531419562027,37.86313800175763,189.0435445968094,-472.10711851591583,38.48627199057676
36,1,7.916666666666667,-298.0439175412515,3.0800961651568644,2.7906800131977487,47.333014051381454,218.3845709129351,-472.10711851591583,38.48627199057676
37,1,8.0,-321.46441300357327,3.1856958212684994,2.8730628111781082,43.48364358577208,243.78900151116406,-472.10711851591583,38.48627199057676
38,1,8.083333333333334,-343.8031273023454,3.2946188222934802,2.9780087033739515,43.738956527568575,276.1512263957102,-472.10711851591583,38.48627199057676
39,1,8.166666666666666,-364.91022113239467,3.3964789638348774,3.138082945113735,69.97349299366067,325.51341200406944,-472.10711851591583,38.48627199057676
40,1,8.25,-383.4172640297141,3.4771085544872067,3.1956508396412002,52.49840804309531,343.26565661170974,-472.10711851591583,38.48627199057676
41,1,8.333333333333334,-400.73756752840114,3.5635467186603886,3.248815601385343,56.26938989578487,359.6601046410476,-472.10711851591583,38.48627199057676
42,1,8.416666666666666,-417.1600089973044,3.6555742210344286,3.381185121493586,65.4862062625345,400.47896937191604,-472.10711851591583,38.48627199057676
43,1,8.5,-430.2393160834895,3.7320807069531816,3.5060376895913343,69.19644914332824,438.97982730594833,-472.10711851591583,38.48627199057676
44,1,8.583333333333334,-439.83515780914763,3.7923163443373613,3.609878501668189,67.22271705145715,471.00127800126353,-472.10711851591583,38.48627199057676
45,1,8.666666666666666,-446.66765947437807,3.8378578253168634,3.715571956572761,74.60015973732119,503.5940292264695,-472.10711851591583,38.48627199057676
46,1,8.75,-450.08831900486484,3.86543552190206,3.815518908486694,82.94786033675206,534.4147280331229,-472.10711851591583,38.48627199057676
47,1,8.833333333333334,-450.6931476188048,3.875179042177579,3.865874688002963,78.3402337322845,549.9429686039975,-472.10711851591583,38.48627199057676
48,1,8.916666666666666,-448.9757243524133,3.876300560891908,3.8653219597516477,69.17069524854804,549.7725234765626,-472.10711851591583,38.48627199057676
49,1,9.0,-446.2104362668266,3.8778566069672236,3.8656105640257996,70.98092832997492,549.8615205418818,-472.10711851591583,38.48627199057676
50,1,9.083333333333334,-442.73579739110835,3.8792881278085733,3.874226423513743,74.1826054634277,552.5183980669415,-472.10711851591583,38.48627199057676
51,1,9.166666666666666,-437.9466584143137,3.8783479883820986,3.8993016684846973,82.01443519621533,560.2508657205658,-472.10711851591583,38.48627199057676
52,1,9.25,-431.11877789350433,3.870910743679167,3.9148785385954383,76.53688242585599,565.05431407832,-472.10711851591583,38.48627199057676
53,1,9.333333333333334,-422.88042124082733,3.857554795824142,3.937355921463211,74.40144819497561,571.9856775072519,-472.10711851591583,38.48627199057676
54,1,9.416666666666666,-413.5560727066419,3.836120398009329,3.936683765394929,66.95030837231324,571.7784043554963,-472.10711851591583,38.48627199057676
55,1,9.5,-403.30561761000604,3.809670462630774,3.942814130735174,76.26307790325107,573.668828626655,-472.10711851591583,38.48627199057676
56,1,9.583333333333334,-391.4233717957977,3.7764209083095124,3.9132167114913896,66.98637612166202,564.5418555024274,-472.10711851591583,38.48627199057676
57,1,9.666666666666666,-378.35248107923354,3.741644220839332,3.900896567466246,65.04712244443317,560.7426856329898,-472.10711851591583,38.48627199057676
58,1,9.75,-363.8773721629141,3.701712712411014,3.8680535897784454,52.17532930096472,550.6148777924765,-472.10711851591583,38.48627199057676
59,1,9.833333333333334,-348.3502786601638,3.6588601819713094,3.856909636332581,53.64750673883135,547.1784104856383,-472.10711851591583,38.48627199057676
60,1,9.916666666666666,-331.8410365993358,3.608746816752414,3.8183609637579696,47.03840883297774,535.2911342449231,-472.10711851591583,38.48627199057676
61,1,10.0,-314.6961013753627,3.555995404034442,3.7638773077921224,47.225094925535416,518.4899780490368,-472.10711851591583,38.48627199057676
62,1,10.083333333333334,-297.8036435643484,3.503007637577608,3.7024945569124768,47.052348581765784,499.56134400310276,-472.10711851591583,38.48627199057676
63,1,10.166666666666666,-281.1277127406928,3.450528364192264,3.666597238285765,58.0274747311849,488.49166729787333,-472.10711851591583,38.48627199057676
64,1,10.25,-264.36996272241277,3.3946174607126536,3.590122364570068,50.77770558597601,464.9090666889218,-472.10711851591583,38.48627199057676
65,1,10.333333333333334,-248.14456681337884,3.342099205188814,3.524803619131794,54.415779264648144,444.7666877465895,-472.10711851591583,38.48627199057676
66,1,10.416666666666666,-233.0324851267684,3.290970556646269,3.4810905466237934,57.37506305757545,431.28686254048745,-472.10711851591583,38.48627199057676
67,1,10.5,-218.71402284828574,3.237663678423185,3.4111056356936262,47.796061482102225,409.7055754728579,-472.10711851591583,38.48627199057676
68,1,10.583333333333334,-205.13483538600937,3.188936011587079,3.3253734855389236,48.58766466526522,383.2683032262739,-472.10711851591583,38.48627199057676
69,1,10.666666666666666,-192.21434187699296,3.150018015984939,3.2404205457815642,45.86880917944487,357.0713165362141,-472.10711851591583,38.48627199057676
70,1,10.75,-180.17791985617768,3.1217702660736055,3.215594708169075,50.30186697386584,349.4157587725684,-472.10711851591583,38.48627199057676
71,1,10.833333333333334,-168.16459243509615,3.092056937341689,3.1928682821688446,45.47135614153312,342.4075977702401,-472.10711851591583,38.48627199057676
72,1,10.916666666666666,-156.32059034421772,3.0592980348206216,3.1813101391260385,48.09974473151202,338.84340658016464,-472.10711851591583,38.48627199057676
73,1,11.0,-144.46165526348372,3.0203470255366924,3.156183182235704,44.261493224472964,331.0949924923428,-472.10711851591583,38.48627199057676
74,1,11.083333333333334,-133.2408034117429,2.9778872489754016,3.106351605865053,37.02729582819402,315.7284007457217,-472.10711851591583,38.48627199057676
75,1,11.166666666666666,-123.13079948946519,2.9364916609462366,3.0681054522402667,39.907075275901995,303.9344124468327,-472.10711851591583,38.48627199057676
76,1,11.25,-113.77861358084725,2.8926258723426517,3.0423149857521006,38.80241621468636,295.9813915243003,-472.10711851591583,38.48627199057676
77,1,11.333333333333334,-104.41869974754276,2.8433391734765254,2.990979451691819,30.23918697225571,280.1510234835308,-472.10711851591583,38.48627199057676
78,1,11.416666666666666,-95.70759397857442,2.7942920488493463,2.9303555125513183,26.739738416909127,261.456384648209,-472.10711851591583,38.48627199057676
79,1,11.5,-87.99355399169565,2.748631220562223,2.8671922140212804,24.499293739556563,241.97868210350873,-472.10711851591583,38.48627199057676
80,1,11.583333333333334,-80.95915600545652,2.706926524638434,2.8343906381460804,32.26669513819205,231.86364136366007,-472.10711851591583,38.48627199057676
81,1,11.666666666666666,-73.47566079886514,2.6612502782387035,2.8014003023894882,30.975066599498618,221.6903926310735,-472.10711851591583,38.48627199057676
82,1,11.75,-65.92513202937455,2.6109549016704734,2.7490656323431373,24.07861500469945,205.55192045402148,-472.10711851591583,38.48627199057676
83,1,11.833333333333334,-58.680576066480526,2.5606748021872154,2.686478590843111,22.586264481617654,186.25191861971905,-472.10711851591583,38.48627199057676
84,1,11.916666666666666,-52.2111956533812,2.5144543334115923,2.614284251940962,18.27072849049876,163.9893089829121,-472.10711851591583,38.48627199057676
85,1,12.0,-46.86821514252719,2.476639268883658,2.558457300232507,16.52744790979873,146.77391990950096,-472.10711851591583,38.48627199057676
86,1,12.083333333333334,-42.41430145776238,2.443973294686773,2.5280902639306246,21.420053002075125,137.40961953226696,-472.10711851591583,38.48627199057676
87,1,12.166666666666666,-38.2133315306315,2.410101534108253,2.4875994576080522,19.178939449553006,124.92344639532928,-472.10711851591583,38.48627199057676
88,1,12.25,-34.714132379051854,2.379122570429493,2.435653834348321,12.763932705356257,108.90494479869493,-472.10711851591583,38.48627199057676
89,1,12.333333333333334,-32.902056718263275,2.3557393328924916,2.40346701970632,11.827535382307612,98.9794783324344,-472.10711851591583,38.48627199057676
90,1,12.416666666666666,-32.33299764328154,2.335569780372476,2.378117009535649,11.537504185795168,91.16228117680075,-472.10711851591583,38.48627199057676
91,1,12.5,-31.74905064167093,2.3163295908591475,2.3625236947337847,14.591568748975012,86.35376176022613,-472.10711851591583,38.48627199057676
92,1,12.583333333333334,-30.97113478339246,2.296278945462126,2.3243388289140934,10.467821362231433,74.57867281689708,-472.10711851591583,38.48627199057676
93,1,12.666666666666666,-30.816235647480877,2.2842044834584305,2.297537075176159,13.5280682604313,66.31380066593536,-472.10711851591583,38.48627199057676
94,1,12.75,-30.730495432752807,2.277164041977288,2.3059620295846326,20.215004310019218,68.91180868229746,-472.10711851591583,38.48627199057676
95,1,12.833333333333334,-29.293854764538686,2.263210009806819,2.3032283687079596,13.965455113669613,68.06882811204426,-472.10711851591583,38.48627199057676
96,1,12.916666666666666,-26.415674454747798,2.2451833767455174,2.277781714749811,5.533474473395498,60.22182885631313,-472.10711851591583,38.48627199057676
97,1,13.0,-23.361766795884076,2.2296813825120405,2.2699633317569874,10.401407775547963,57.8108696148108,-472.10711851591583,38.48627199057676
98,1,13.083333333333334,-19.867038401281004,2.2114980728117133,2.2496646369806985,6.078541306391783,51.55134948050065,-472.10711851591583,38.48627199057676
99,1,13.166666666666666,-16.20512718192141,2.1935096301149346,2.2425514143149474,5.828511481047215,49.35784093294076,-472.10711851591583,38.48627199057676
100,1,13.25,-12.176486888389643,2.1706340461779146,2.2191299573674432,3.8599579359687843,42.135352839320326,-472.10711851591583,38.48627199057676
101,1,13.333333333333334,-8.353120920106697,2.1483764142006234,2.1812857797666427,4.233456695139823,30.46532211718111,-472.10711851591583,38.48627199057676
102,1,13.416666666666666,-5.986867795129545,2.1334609166169733,2.1485063789359753,2.9839421385274996,20.357119508515744,-472.10711851591583,38.48627199057676
103,1,13.5,-4.919967701993415,2.126102257767309,2.143211297738581,3.21549428146164,18.72427228689963,-472.10711851591583,38.48627199057676
104,1,13.583333333333334,-3.882650472185444,2.1178121629052304,2.13366534300102,1.6103335333485047,15.780580757000187,-472.10711851591583,38.48627199057676
105,1,13.666666666666666,-2.971796141704402,2.1102348884504623,2.12062743168824,0.6582050436758473,11.760072577970542,-472.10711851591583,38.48627199057676
106,1,13.75,-2.333630379182223,2.1053516492312734,2.1095278311567762,0.31384189921217853,8.337282404749361,-472.10711851591583,38.48627199057676
107,1,13.833333333333334,-1.962104165537577,2.103406219453782,2.104534398965576,0.8142613997036894,6.797454859943652,-472.10711851591583,38.48627199057676
108,1,13.916666666666666,-1.707070044289091,2.1028494601216714,2.103695185840133,0.8888886685010136,6.538666227788819,-472.10711851591583,38.48627199057676
109,1,14.0,-1.2695860033886675,2.102463518953142,2.1024635189531407,0.24675054151965362,6.158856404405504,-472.10711851591583,38.48627199057676
1,2,5.0,-0.05940026906773527,2.083129869210548,2.082550848774509,0.01837489637184284,0.01837489637184284,-455.430082822331,35.099287394951055
2,2,5.083333333333333,-0.08212072716001624,2.083437066951093,2.0826216738748062,0.021840376743972035,0.04021527311580249,-455.430082822331,35.099287394951055
3,2,5.166666666666667,-0.10908957850304922,2.083845333698915,2.0827088651255083,0.026887216331605446,0.06710248903394363,-455.430082822331,35.099287394951055
4,2,5.25,-0.1418114793449743,2.084428732100997,2.0828521017487027,0.0441707839097388,0.11127244856762256,-455.430082822331,35.099287394951055
5,2,5.333333333333333,-0.18276694926421846,2.0852622821042535,2.0834786943536576,0.19326298160910066,0.3044951690405669,-455.430082822331,35.099287394951055
6,2,5.416666666666667,-0.22519342921526428,2.086146076842064,2.085775588952799,0.7085520668368219,1.012789872131981,-455.430082822331,35.099287394951055
7,2,5.5,-0.22933880400758944,2.0863913937928453,2.086443194888187,0.20814196518384784,1.2186598968011084,-455.430082822331,35.099287394951055
8,2,5.583333333333333,-0.2209953048598544,2.086453190427471,2.0866158807200175,0.07658615777850865,1.2719111256691107,-455.430082822331,35.099287394951055
9,2,5.666666666666667,-0.21856772389083384,2.0864858901224563,2.086271741730867,0.08332305888642234,1.1657887884779858,-455.430082822331,35.099287394951055
10,2,5.75,-0.24221829815057358,2.0868309807614107,2.0845567116507646,0.10476038766524715,0.6369239803874884,-455.430082822331,35.099287394951055
11,2,5.833333333333333,-0.3532189879886601,2.0882576826333246,2.0845181832608235,0.1360530964662106,0.625042958714096,-455.430082822331,35.099287394951055
12,2,5.916666666666667,-0.5372463872954343,2.0905110357453642,2.0850926624033304,0.1913292850192679,0.8021954209238557,-455.430082822331,35.099287394951055
13,2,6.0,-0.7930502865042188,2.0937362312329832,2.0863599935779016,0.39952746753628854,1.1930030610946178,-455.430082822331,35.099287394951055
14,2,6.083333333333333,-1.1516290208667694,2.098091834539383,2.089502428073805,0.9925008400702262,2.1620373864362827,-455.430082822331,35.099287394951055
15,2,6.166666666666667,-1.6393937645302796,2.103467642846973,2.091339571184309,0.6009900340867995,2.7285582596522513,-455.430082822331,35.099287394951055
16,2,6.25,-2.397486189959046,2.11116573119175,2.093222728629483,0.6525976567651729,3.3092685996053324,-455.430082822331,35.099287394951055
17,2,6.333333333333333,-3.5767820484093624,2.122357877290152,2.0953866591951393,0.9327347347614932,3.9765611075353497,-455.430082822331,35.099287394951055
18,2,6.416666666666667,-5.288024885963024,2.1385473200721457,2.0974931704183506,1.3972925027744934,4.626147179948491,-455.430082822331,35.099287394951055
19,2,6.5,-7.754908239264813,2.1621651168373552,2.1036078305834507,2.190842851063012,6.511728437252583,-455.430082822331,35.099287394951055
20,2,6.583333333333333,-11.172366550259856,2.1946049852563365,2.1154506597226366,3.916965071917783,10.163708441923765,-455.430082822331,35.099287394951055
21,2,6.666666666666667,-15.687283122944924,2.2367314488778822,2.135361113811479,6.54136546617554,16.303506573079808,-455.430082822331,35.099287394951055
22,2,6.75,-21.366584005105334,2.2888109313345635,2.1601770774444224,8.289720535293487,23.95601949199758,-455.430082822331,35.099287394951055
23,2,6.833333333333333,-28.376952863132345,2.3524903502313577,2.1975441916782836,12.580311467540806,35.47893791043402,-455.430082822331,35.099287394951055
24,2,6.916666666666667,-36.725825496385774,2.4267035882272343,2.2549157962338846,19.820272562534868,53.170652467024894,-455.430082822331,35.099287394951055
25,2,7.0,-46.17714763036656,2.5061241664085467,2.3348882181281057,28.338070298548548,77.83179401102034,-455.430082822331,35.099287394951055
26,2,7.083333333333333,-56.18129136753391,2.5805993215943808,2.4465839392543107,39.13367562403211,112.27546750880947,-455.430082822331,35.099287394951055
27,2,7.166666666666667,-65.49604683962446,2.635624156119911,2.5352732193542304,34.80743468443379,139.6246316103062,-455.430082822331,35.099287394951055
28,2,7.25,-74.313327083755,2.6757764933793426,2.589401334614931,26.774893629826046,156.31614951530904,-455.430082822331,35.099287394951055
29,2,7.333333333333333,-83.73774894671233,2.709551478995987,2.6406971136800412,27.890394413865764,172.1342582854477,-455.430082822331,35.099287394951055
30,2,7.416666666666667,-93.81239577711736,2.7362453650068956,2.682285144085557,27.219730007378516,184.95878304128132,-455.430082822331,35.099287394951055
31,2,7.5,-104.46519484037219,2.7574780279835642,2.710909328417512,26.152853022739663,193.78563915832441,-455.430082822331,35.099287394951055
32,2,7.583333333333333,-115.72953484747383,2.7757635567987307,2.731625572632873,26.464894297577192,200.17391925231408,-455.430082822331,35.099287394951055
33,2,7.666666666666667,-127.63059410053562,2.7931304872669185,2.7433295123020356,26.145821639924478,203.78306983156477,-455.430082822331,35.099287394951055
34,2,7.75,-140.18455992631883,2.8129418328606812,2.740185783304866,23.027969542859882,202.8136363201263,-455.430082822331,35.099287394951055
35,2,7.833333333333333,-153.82090449830798,2.840936378442136,2.74431615750168,28.61296888426967,204.0873221768835,-455.430082822331,35.099287394951055
36,2,7.916666666666667,-168.88466798322958,2.878681794460263,2.75259697662389,31.32009006450397,206.64088311246647,-455.430082822331,35.099287394951055
37,2,8.0,-185.34051586137213,2.92611638408055,2.79736615241064,37.379246865362724,220.44637949152303,-455.430082822331,35.099287394951055
38,2,8.083333333333334,-202.09738596927934,2.973041095213955,2.8584898425897904,39.105499709182034,239.2951268408675,-455.430082822331,35.099287394951055
39,2,8.166666666666666,-218.5850697373764,3.0112909259033556,2.9507516674876983,57.012441736962046,267.74595862790693,-455.430082822331,35.099287394951055
40,2,8.25,-234.91347514730634,3.0337716734482982,2.9375354166441463,36.990699801280826,263.6704557856286,-455.430082822331,35.099287394951055
41,2,8.333333333333334,-252.37450527378124,3.06846398932307,2.9356662113133223,43.424113887804076,263.09404786716874,-455.430082822331,35.099287394951055
42,2,8.416666666666666,-270.2045236791162,3.113736400878253,2.975166939691241,41.50064716895326,275.2749101012431,-455.430082822331,35.099287394951055
43,2,8.5,-288.06620773485497,3.1598879678168554,3.0187285117661458,48.026203999668546,288.7080170320188,-455.430082822331,35.099287394951055
44,2,8.583333333333334,-305.348750889314,3.205838314056131,3.0688138988055877,52.86313710625086,304.15287651994595,-455.430082822331,35.099287394951055
45,2,8.666666666666666,-321.2611569791628,3.2506866883086967,3.096133561544874,48.51794749518385,312.5774565662888,-455.430082822331,35.099287394951055
46,2,8.75,-336.50679042635375,3.298915567096168,3.1672507671324635,67.80365208220064,334.5079099859532,-455.430082822331,35.099287394951055
47,2,8.833333333333334,-348.9425586296438,3.3382130298924944,3.236337142680668,72.18122128933327,355.8121151832077,-455.430082822331,35.099287394951055
48,2,8.916666666666666,-358.10045218274587,3.367309860178765,3.2938059032371587,69.94918088901835,373.5337897914394,-455.430082822331,35.099287394951055
49,2,9.0,-364.64039763850843,3.3884956627386935,3.319056546961617,60.02151912274288,381.320345259142,-455.430082822331,35.099287394951055
50,2,9.083333333333334,-370.5507822624151,3.4083804385418155,3.334649340486963,57.860278517562655,386.128703929378,-455.430082822331,35.099287394951055
51,2,9.166666666666666,-375.5341530040331,3.4288677785524118,3.367615569579338,67.73850827550065,396.29451887611276,-455.430082822331,35.099287394951055
52,2,9.25,-378.6953218676003,3.4457614287157723,3.386050065315252,63.36022605929371,401.9791748846161,-455.430082822331,35.099287394951055
53,2,9.333333333333334,-379.9874121993299,3.460518404282662,3.434925705044458,69.20189770978722,417.05098390159907,-455.430082822331,35.099287394951055
54,2,9.416666666666666,-379.35925563033396,3.466439801070892,3.450501011528896,59.56261034546954,421.8539500830145,-455.430082822331,35.099287394951055
55,2,9.5,-377.34320306063915,3.469393944622937,3.468111120409093,67.83149246697695,427.28438944465,-455.430082822331,35.099287394951055
56,2,9.583333333333334,-373.393970177678,3.4680042095052976,3.4956931463088985,73.30444977852844,435.7898745690717,-455.430082822331,35.099287394951055
57,2,9.666666666666666,-366.7531194302473,3.4596167044226322,3.4924628680967915,57.89589324991307,434.7937518266514,-455.430082822331,35.099287394951055
58,2,9.75,-358.8315161002106,3.4490239278710653,3.5021399081989593,56.39872678019868,437.7778662255143,-455.430082822331,35.099287394951055
59,2,9.833333333333334,-348.48034125981735,3.4324655527389027,3.512620066730683,52.00841363189383,441.009638714488,-455.430082822331,35.099287394951055
60,2,9.916666666666666,-336.48081864674793,3.4089814606459927,3.504058711700401,48.683517419025954,438.369568760255,-455.430082822331,35.099287394951055
61,2,10.0,-323.3442449273509,3.3823800397551382,3.468301411230997,46.01859650429836,427.34306953439045,-455.430082822331,35.099287394951055
62,2,10.083333333333334,-310.809757212088,3.358094164242948,3.4384547018460516,46.07037428962498,418.1392226665512,-455.430082822331,35.099287394951055
63,2,10.166666666666666,-298.29810060922233,3.3344893503060735,3.4312766588842747,55.673877947877024,415.9257254471797,-455.430082822331,35.099287394951055
64,2,10.25,-285.69412099465364,3.3067141509013767,3.4150041507653603,57.310821067491965,410.90776279841623,-455.430082822331,35.099287394951055
65,2,10.333333333333334,-272.9633549879377,3.2756695940159632,3.388494444152818,55.092443475087386,402.7329493867827,-455.430082822331,35.099287394951055
66,2,10.416666666666666,-260.5799334221713,3.2418472336318263,3.3814574321911506,62.0155860596978,400.5629419776909,-455.430082822331,35.099287394951055
67,2,10.5,-248.0195345231097,3.200527005750869,3.35083705208819,53.51315678175032,391.1205178274149,-455.430082822331,35.099287394951055
68,2,10.583333333333334,-235.29392287602724,3.1571774536720736,3.281872413966894,47.85047782218696,369.8538528702216,-455.430082822331,35.099287394951055
69,2,10.666666666666666,-222.761840528028,3.121137810255769,3.20234769971681,45.90561144861094,345.3307711888747,-455.430082822331,35.099287394951055
70,2,10.75,-210.80871065256176,3.096018095917579,3.165969767152179,49.156155053336164,334.11288728833586,-455.430082822331,35.099287394951055
71,2,10.833333333333334,-198.68937756150825,3.0737331732138427,3.1401693562416417,45.80334176558671,326.15679979858095,-455.430082822331,35.099287394951055
72,2,10.916666666666666,-186.5416994997484,3.0514897953560522,3.1337817828117487,48.92105305151378,324.1870601215006,-455.430082822331,35.099287394951055
73,2,11.0,-174.1329946651154,3.024239184460143,3.1244154519647047,47.01427667084336,321.2987593136001,-455.430082822331,35.099287394951055
74,2,11.083333333333334,-162.0296449835184,2.9924027143824428,3.0889927183141004,40.85993672338808,310.37543064927297,-455.430082822331,35.099287394951055
75,2,11.166666666666666,-150.7732022364504,2.9609123583864583,3.0617817658907396,44.76862115473418,301.9843736653164,-455.430082822331,35.099287394951055
76,2,11.25,-140.28029659133904,2.9269322883646103,3.0454699648419243,43.364781071393445,296.9542942332541,-455.430082822331,35.099287394951055
77,2,11.333333333333334,-129.81534948200954,2.8877906851287896,3.0067485567924015,35.078878146931174,285.01375145520564,-455.430082822331,35.099287394951055
78,2,11.416666666666666,-120.00219294912577,2.8482982737752596,2.961818247785785,31.94299517427193,271.1585663328492,-455.430082822331,35.099287394951055
79,2,11.5,-111.08166241807734,2.810580760560062,2.9098558713422302,28.916403945487858,255.13489854732381,-455.430082822331,35.099287394951055
80,2,11.583333333333334,-102.65016621873926,2.7760646921823935,2.883286584709632,36.45641351882178,246.94171241078087,-455.430082822331,35.099287394951055
81,2,11.666666666666666,-93.78873827734463,2.738105417743095,2.857240579890723,35.93945330310656,238.90989098683673,-455.430082822331,35.099287394951055
82,2,11.75,-84.82943661789868,2.696087303709856,2.8130593368919348,28.45222055382837,225.28569577834432,-455.430082822331,35.099287394951055
83,2,11.833333333333334,-76.29295598232162,2.6544073759460405,2.762469579510257,27.316078268324972,209.68530331910205,-455.430082822331,35.099287394951055
84,2,11.916666666666666,-68.4992701156669,2.6155896595752792,2.7057069829684535,23.5469503152485,192.18138891253744,-455.430082822331,35.099287394951055
85,2,12.0,-61.94292919163416,2.5823151635284436,2.662591155512927,21.011765032971127,178.88573650534101,-455.430082822331,35.099287394951055
86,2,12.083333333333334,-56.33217354572232,2.551230342721987,2.640861922122008,25.644836864126926,172.18508035909164,-455.430082822331,35.099287394951055
87,2,12.166666666666666,-50.92763062706529,2.5166315626613276,2.6041622720068274,22.857753171608607,160.86798823322485,-455.430082822331,35.099287394951055
88,2,12.25,-46.272976380510606,2.483094810347251,2.5555212737788735,16.315028646392747,145.86853575037492,-455.430082822331,35.099287394951055
89,2,12.333333333333334,-43.30253280775271,2.4545017225525654,2.5211606706792957,14.52873095026046,135.27273689240664,-455.430082822331,35.099287394951055
90,2,12.416666666666666,-41.603192639646515,2.4275796854148384,2.4908704707691065,13.912436163533789,125.93213059728734,-455.430082822331,35.099287394951055
91,2,12.5,-39.88809180717889,2.4008699908336446,2.467130526461019,15.824972987160972,118.61143037386923,-455.430082822331,35.099287394951055
92,2,12.583333333333334,-38.10861871625497,2.3737253784087486,2.4208305802668706,11.455331351426498,104.33388944752919,-455.430082822331,35.099287394951055
93,2,12.666666666666666,-37.00756229794785,2.3542577321126608,2.3864931500113706,15.50257104463429,93.74523641276166,-455.430082822331,35.099287394951055
94,2,12.75,-35.93953773576382,2.339414185495315,2.385555122830885,21.717947572271044,93.45597643385715,-455.430082822331,35.099287394951055
95,2,12.833333333333334,-33.53244007476745,2.318887045910701,2.367648484241129,12.970145818638429,87.9340960358464,-455.430082822331,35.099287394951055
96,2,12.916666666666666,-30.16723706979164,2.2977910596143394,2.3361826362941156,6.540449710564113,78.23095448225526,-455.430082822331,35.099287394951055
97,2,13.0,-26.771700986414057,2.2802107043169926,2.324603553400733,11.284219188318641,74.66030605846407,-455.430082822331,35.099287394951055
98,2,13.083333333333334,-22.921513062915203,2.2607472287900334,2.30149463499214,6.904956083189868,67.53419565309522,-455.430082822331,35.099287394951055
99,2,13.166666666666666,-19.0384605382279,2.242090896018011,2.292685277284379,6.74471024684607,64.81764897116362,-455.430082822331,35.099287394951055
100,2,13.25,-14.772733243122849,2.218950063209726,2.27109403976616,4.929466021875616,58.15954669121622,-455.430082822331,35.099287394951055
101,2,13.333333333333334,-10.700859867126496,2.195618364827012,2.2319216239590767,5.307657454980125,46.07992639265253,-455.430082822331,35.099287394951055
102,2,13.416666666666666,-8.25918801236848,2.1794747811062205,2.1991876286167114,3.8664878519315646,35.98572550042103,-455.430082822331,35.099287394951055
103,2,13.5,-7.004268632451987,2.1701062676792002,2.1915434356132577,4.00611488061122,33.6284813257088,-455.430082822331,35.099287394951055
104,2,13.583333333333334,-5.932280604995092,2.1599411011538394,2.1807156248604334,2.2401824546413964,30.289503122195153,-455.430082822331,35.099287394951055
105,2,13.666666666666666,-4.89124166791582,2.1502490968843437,2.1650634095483703,1.1088770422033056,25.462820521555088,-455.430082822331,35.099287394951055
106,2,13.75,-4.222796186426056,2.14337905405997,2.152035597552107,0.7757229265097491,21.445426674544205,-455.430082822331,35.099287394951055
107,2,13.833333333333334,-3.7596477856984363,2.1393392678330416,2.1441190114203144,1.209684137773755,19.004184474831764,-455.430082822331,35.099287394951055
108,2,13.916666666666666,-3.4993432333962287,2.13706960749802,2.1399106658050355,1.1989132729512932,17.706454527104135,-455.430082822331,35.099287394951055
109,2,14.0,-2.808101314826672,2.1358031991358586,2.1358031991358573,0.513810049760412,16.439832677764183,-455.430082822331,35.099287394951055
1,3,5.0,-0.06285642117703025,2.083383030559879,2.0826076722840825,0.0358975945649615,0.0358975945649615,-453.6998632610437,34.45673355866863
2,3,5.083333333333333,-0.08701104765593738,2.0838001775681003,2.082745932245517,0.04263530349640913,0.07853289806133827,-453.6998632610437,34.45673355866863
3,3,5.166666666666667,-0.11590125374926902,2.084343270249609,2.082913443158814,0.05165543754137855,0.1301883343372286,-453.6998632610437,34.45673355866863
4,3,5.25,-0.15133749840235564,2.0850937653086605,2.08315305643833,0.0738911927235903,0.20407801858082614,-453.6998632610437,34.45673355866863
5,3,5.333333333333333,-0.19605690559453995,2.086135750811285,2.08389795105199,0.22979114561530167,0.43378159723597765,-453.6998632610437,34.45673355866863
6,3,5.416666666666667,-0.24351880306997334,2.0872797799361797,2.0863343297336563,0.7517538166074713,1.1850890867456298,-453.6998632610437,34.45673355866863
7,3,5.5,-0.25435118793755396,2.087853919175851,2.0871681527911887,0.2600147589080846,1.4422155805718633,-453.6998632610437,34.45673355866863
8,3,5.583333333333333,-0.2550474851199886,2.088335702300657,2.0875490799221104,0.14193566821513667,1.5596822981115053,-453.6998632610437,34.45673355866863
9,3,5.666666666666667,-0.26460439882120806,2.0889074435330484,2.0874635833057917,0.16513016723971877,1.533317657568788,-453.6998632610437,34.45673355866863
10,3,5.75,-0.3058623741717519,2.0899559084896424,2.086073553637566,0.20818132191819347,1.1046734126338345,-453.6998632610437,34.45673355866863
11,3,5.833333333333333,-0.43883334308603245,2.0923008299957186,2.086449012572207,0.2673243416826937,1.2204538993544634,-453.6998632610437,34.45673355866863
12,3,5.916666666666667,-0.6515061763372779,2.095762407893935,2.087551603869515,0.36105358713127655,1.560460609218295,-453.6998632610437,34.45673355866863
13,3,6.0,-0.9453003291610299,2.1005704682041744,2.0895254753646886,0.6290954393194031,2.169144492726458,-453.6998632610437,34.45673355866863
14,3,6.083333333333333,-1.352780234128719,2.1069443744705185,2.0935534627421335,1.2940640649391761,3.4112572673525365,-453.6998632610437,34.45673355866863
15,3,6.166666666666667,-1.906510327532214,2.1148307127464294,2.096594432075392,1.0134396690073326,4.349002722374875,-453.6998632610437,34.45673355866863
16,3,6.25,-2.746816303808445,2.125499772809424,2.100276890600815,1.2706056783601225,5.484564567000039,-453.6998632610437,34.45673355866863
17,3,6.333333333333333,-4.010594188447153,2.139947047581744,2.105133198400891,1.863075677665063,6.9821069847763315,-453.6998632610437,34.45673355866863
18,3,6.416666666666667,-5.812998777894405,2.159374271809742,2.1112687835374544,2.7898688037748185,8.874140887515432,-453.6998632610437,34.45673355866863
19,3,6.5,-8.369581976504193,2.185517866338163,2.1231963505797715,4.198667917497959,12.552251567909021,-453.6998632610437,34.45673355866863
20,3,6.583333333333333,-11.856047858547825,2.2186182156262033,2.142644437173142,6.6070804866928565,18.5494691696639,-453.6998632610437,34.45673355866863
21,3,6.666666666666667,-16.449139542056983,2.257983219140418,2.1695116657789475,9.221917719890406,26.83453184313201,-453.6998632610437,34.45673355866863
22,3,6.75,-22.202047919864633,2.302712610318557,2.199104825047452,10.583237686731131,35.96019131634246,-453.6998632610437,34.45673355866863
23,3,6.833333333333333,-29.281000965778624,2.3535538844794677,2.234712900126564,13.286112507872206,46.940673823133444,-453.6998632610437,34.45673355866863
24,3,6.916666666666667,-37.804912146933646,2.410539024335858,2.2787183339276385,17.55845158150948,60.510654648631615,-453.6998632610437,34.45673355866863
25,3,7.0,-47.66781240915581,2.472357159533227,2.3332950549737412,22.90172484338023,77.34050937661942,-453.6998632610437,34.45673355866863
26,3,7.083333333333333,-58.4282064839684,2.5345846964374403,2.4118188197186625,32.01609359319323,101.55492768576201,-453.6998632610437,34.45673355866863
27,3,7.166666666666667,-68.96544849571455,2.587460358580937,2.472331702993396,28.924913928672222,120.21532016014969,-453.6998632610437,34.45673355866863
28,3,7.25,-79.19463118969492,2.6362035548941147,2.507709413512406,22.47594488541284,131.12476501559996,-453.6998632610437,34.45673355866863
29,3,7.333333333333333,-90.37464757337607,2.689316345364527,2.5533251771222245,25.883218473261056,145.19132416654227,-453.6998632610437,34.45673355866863
30,3,7.416666666666667,-102.37066880405247,2.744327071677386,2.607133755020865,29.08391419467083,161.78430615219065,-453.6998632610437,34.45673355866863
31,3,7.5,-114.74960858739612,2.798142453724266,2.668104778498228,32.339665918930905,180.58597558326454,-453.6998632610437,34.45673355866863
32,3,7.583333333333333,-126.93357626500425,2.847122957301446,2.732199149555181,34.58559373085211,200.35079349636453,-453.6998632610437,34.45673355866863
33,3,7.666666666666667,-138.70582101498832,2.889231314232205,2.781319213946899,32.6577576666123,215.49797588652112,-453.6998632610437,34.45673355866863
34,3,7.75,-150.37075739283205,2.9284264986327404,2.8083079675011273,28.852994534454925,223.82051327793823,-453.6998632610437,34.45673355866863
35,3,7.833333333333333,-162.72779772820144,2.970961659736238,2.8514537834238376,39.31509904358872,237.12541324593604,-453.6998632610437,34.45673355866863
36,3,7.916666666666667,-175.22441089668942,3.013347432690861,2.8907012251092774,39.88560213107927,249.22816931757978,-453.6998632610437,34.45673355866863
37,3,8.0,-187.7467291388493,3.055588936533239,2.946020508299704,41.309647856565846,266.2870083593178,-453.6998632610437,34.45673355866863
38,3,8.083333333333334,-199.89675916971035,3.091799785748795,3.008555907922434,41.51196488429446,285.57108535834027,-453.6998632610437,34.45673355866863
39,3,8.166666666666666,-211.7312610954875,3.1167655324924963,3.08940923634133,58.07877248953869,310.50387255189185,-453.6998632610437,34.45673355866863
40,3,8.25,-222.62857103793155,3.1267248750537253,3.074708261216245,40.27882640670048,305.9705244325363,-453.6998632610437,34.45673355866863
41,3,8.333333333333334,-234.0546328613936,3.1448393000918826,3.068702281730944,45.15621243906867,304.11845709870903,-453.6998632610437,34.45673355866863
42,3,8.416666666666666,-246.10193946804387,3.1691648582216323,3.1036311619308563,44.71698820784815,314.88949589158995,-453.6998632610437,34.45673355866863
43,3,8.5,-258.1434495384629,3.189600697663228,3.135923642994817,50.048604791165644,324.8475467729111,-453.6998632610437,34.45673355866863
44,3,8.583333333333334,-270.01134222284,3.2060317433493677,3.16581540698066,51.92165005892982,334.0652871538343,-453.6998632610437,34.45673355866863
45,3,8.666666666666666,-281.27783717398927,3.2193089756165114,3.162769558072415,45.95744154771921,333.1260369814785,-453.6998632610437,34.45673355866863
46,3,8.75,-292.64025894144737,3.2368332012726957,3.182589115611009,60.0930795599955,339.2378052913731,-453.6998632610437,34.45673355866863
47,3,8.833333333333334,-302.92906545936813,3.2532401430578237,3.2028349110461347,64.37601599335827,345.4810128255506,-453.6998632610437,34.45673355866863
48,3,8.916666666666666,-311.66982298692886,3.2678365867960517,3.2270194848045746,63.797463880484045,352.93882368723695,-453.6998632610437,34.45673355866863
49,3,9.0,-318.6700485215639,3.2799779582194657,3.2360804998143236,56.47739702186743,355.73297407552013,-453.6998632610437,34.45673355866863
50,3,9.083333333333334,-325.0286300605142,3.292967874803735,3.243121117417166,54.577115011286246,357.90409335824614,-453.6998632610437,34.45673355866863
51,3,9.166666666666666,-330.8178519297076,3.3073004027458994,3.2645268919185,61.991831853004456,364.50500430145206,-453.6998632610437,34.45673355866863
52,3,9.25,-335.37971804047197,3.3197345178078637,3.27487704525205,59.20918050142581,367.6966870130041,-453.6998632610437,34.45673355866863
53,3,9.333333333333334,-338.47771660539337,3.331100067808034,3.316670752882305,65.41557782781868,380.58463657243306,-453.6998632610437,34.45673355866863
54,3,9.416666666666666,-339.87754797112007,3.3341782952211636,3.3303211576716567,57.3729868757861,384.7940197156406,-453.6998632610437,34.45673355866863
55,3,9.5,-339.86797779134963,3.3341754148765013,3.3363294402981367,62.13128556065821,386.6467972704326,-453.6998632610437,34.45673355866863
56,3,9.583333333333334,-338.7240048313522,3.3319968376941675,3.3583272383192053,69.3674486800769,393.43027084550243,-453.6998632610437,34.45673355866863
57,3,9.666666666666666,-335.4671841827383,3.32404315555021,3.3489469966748446,53.38814325703729,390.5376803570659,-453.6998632610437,34.45673355866863
58,3,9.75,-330.98734244004396,3.3154928435077045,3.3602931378041365,53.75845413161687,394.03649639564634,-453.6998632610437,34.45673355866863
59,3,9.833333333333334,-323.8748378249981,3.3010110241578605,3.3674416693412517,48.62618763569534,396.24089316009207,-453.6998632610437,34.45673355866863
60,3,9.916666666666666,-314.9990509227213,3.2808140038698275,3.3576005993116205,46.223998703249826,393.2061967585487,-453.6998632610437,34.45673355866863
61,3,10.0,-304.7419721400799,3.258148328841236,3.329873542746506,44.85643064734756,384.65598844479905,-453.6998632610437,34.45673355866863
62,3,10.083333333333334,-294.15632807364227,3.2369151110146457,3.3034044421306152,44.192704516940836,376.4936967276102,-453.6998632610437,34.45673355866863
63,3,10.166666666666666,-283.49395371151985,3.2167991853414066,3.288694097155765,50.911107275105294,371.95745922231583,-453.6998632610437,34.45673355866863
64,3,10.25,-272.80611773524885,3.194951813548134,3.281938397688573,57.34848006880494,369.8742003082681,-453.6998632610437,34.45673355866863
65,3,10.333333333333334,-262.0453724769838,3.1694752381781894,3.251776557004538,51.54221009373266,360.5731762212363,-453.6998632610437,34.45673355866863
66,3,10.416666666666666,-251.86966054021545,3.1436446237763556,3.249741230850005,59.94966466713305,359.945541529223,-453.6998632610437,34.45673355866863
67,3,10.5,-242.10972773357605,3.110389448284097,3.2378821628879564,54.232997841029295,356.28855394944475,-453.6998632610437,34.45673355866863
68,3,10.583333333333334,-231.63723181123672,3.0723809867952183,3.1730839632318135,45.20513316421344,336.30669600809256,-453.6998632610437,34.45673355866863
69,3,10.666666666666666,-221.34061427016937,3.042388960831323,3.1006578082210927,44.61803994244011,313.97260110511183,-453.6998632610437,34.45673355866863
70,3,10.75,-211.63484374634749,3.0238123093952,3.0681933190932056,46.78468561435308,303.9615079985996,-453.6998632610437,34.45673355866863
71,3,10.833333333333334,-201.55224809404433,3.00909752732446,3.0473709480846365,44.10318018756485,297.5405015246039,-453.6998632610437,34.45673355866863
72,3,10.916666666666666,-191.1452002214436,2.9954135675132685,3.0467937517832833,47.3009547383824,297.36251117056446,-453.6998632610437,34.45673355866863
73,3,11.0,-180.1210820755419,2.977398461093744,3.0458608964169267,45.647750970488374,297.07484602694507,-453.6998632610437,34.45673355866863
74,3,11.083333333333334,-169.11051519923544,2.9548827740989245,3.021342134846961,40.542925837140515,289.51398147841115,-453.6998632610437,34.45673355866863
75,3,11.166666666666666,-158.57304441831945,2.9324471778134464,3.005686903752587,45.1040729504527,284.68636889925267,-453.6998632610437,34.45673355866863
76,3,11.25,-148.4579184268043,2.906821997551703,3.0002340946868693,44.096047778638315,283.00488304454257,-453.6998632610437,34.45673355866863
77,3,11.333333333333334,-138.34044139972733,2.8752613032865946,2.971026729616332,36.1227445336945,273.998191149124,-453.6998632610437,34.45673355866863
78,3,11.416666666666666,-128.7684777195886,2.8428911779855772,2.9352833835487875,32.702857230017926,262.9759950501532,-453.6998632610437,34.45673355866863
79,3,11.5,-120.04793691397074,2.811832509384672,2.8916549784989836,29.823576635947024,249.5222787966289,-453.6998632610437,34.45673355866863
80,3,11.583333333333334,-111.76216073564589,2.7837208595437772,2.871448857455259,37.309245473922715,243.29130567725156,-453.6998632610437,34.45673355866863
81,3,11.666666666666666,-102.92233218723263,2.752248901051833,2.852688351594283,37.65405364118456,237.50611773975936,-453.6998632610437,34.45673355866863
82,3,11.75,-93.90798998434482,2.7165350884362396,2.8161911148329004,30.718584289463365,226.25144393573623,-453.6998632610437,34.45673355866863
83,3,11.833333333333334,-85.21607248627996,2.680875945146576,2.773433184635859,29.79281372174588,213.06615651112577,-453.6998632610437,34.45673355866863
84,3,11.916666666666666,-77.14531061738207,2.6475462878878098,2.725962767859029,26.573798142116125,198.4276769008133,-453.6998632610437,34.45673355866863
85,3,12.0,-70.18432543643088,2.6185456581970583,2.6914384191908063,24.033612085629034,187.78138372805637,-453.6998632610437,34.45673355866863
86,3,12.083333333333334,-64.10498486813397,2.5903479647738505,2.675902475191036,28.388609213860498,182.99055577858286,-453.6998632610437,34.45673355866863
87,3,12.166666666666666,-58.2254943601977,2.557562947759012,2.6448726731739174,25.60257867572988,173.42187795814013,-453.6998632610437,34.45673355866863
88,3,12.25,-53.10342951338501,2.5244581452089787,2.601534091564508,19.098155995189664,160.0575347249276,-453.6998632610437,34.45673355866863
89,3,12.333333333333334,-49.568391631562776,2.4944903663451514,2.56897354868199,16.63708405123662,150.0168214670847,-453.6998632610437,34.45673355866863
90,3,12.416666666666666,-47.283988257640864,2.464955198430481,2.5381377179585978,15.41112577380471,140.50795868558612,-453.6998632610437,34.45673355866863
91,3,12.5,-44.99209400705084,2.4348640689337464,2.5119485140899505,16.773640075518124,132.43197888865643,-453.6998632610437,34.45673355866863
92,3,12.583333333333334,-42.68620782511609,2.403971580461938,2.46222198036792,12.233636318532959,117.097779203754,-453.6998632610437,34.45673355866863
93,3,12.666666666666666,-41.00807773709026,2.3803593502212905,2.4230014953756114,16.271148716572156,105.00333578301056,-453.6998632610437,34.45673355866863
94,3,12.75,-39.42300890115723,2.3615039457678573,2.4157969367468435,22.248940669712884,102.7816619122222,-453.6998632610437,34.45673355866863
95,3,12.833333333333334,-36.57516357310355,2.3380345956085136,2.3909361316473086,13.280159103754468,95.1153212045686,-453.6998632610437,34.45673355866863
96,3,12.916666666666666,-32.86510934363468,2.315537914126123,2.3559320567747055,7.20518231452278,84.321094587402,-453.6998632610437,34.45673355866863
97,3,13.0,-29.194666861849576,2.2973303364691566,2.3420028280914775,11.91084258468467,80.02573036034217,-453.6998632610437,34.45673355866863
98,3,13.083333333333334,-25.14620452610185,2.277998435237962,2.3170856552313843,7.608272537784675,72.34200749408046,-453.6998632610437,34.45673355866863
99,3,13.166666666666666,-21.065451885041526,2.260284693285467,2.3081240780327996,7.536496833965689,69.57852080057927,-453.6998632610437,34.45673355866863
100,3,13.25,-16.601283058750123,2.238512472522749,2.288980689887333,5.830811882007735,63.675263233721644,-453.6998632610437,34.45673355866863
101,3,13.333333333333334,-12.331363823620139,2.2161273076932835,2.25123436408677,6.251337085126763,52.03540712726636,-453.6998632610437,34.45673355866863
102,3,13.416666666666666,-9.725682654086635,2.2006987325599647,2.2194866383406007,4.686712756844221,42.24534275530315,-453.6998632610437,34.45673355866863
103,3,13.5,-8.394695875992998,2.191842766849526,2.21290742371574,4.741412282796629,40.21650657316738,-453.6998632610437,34.45673355866863
104,3,13.583333333333334,-7.30276079178527,2.1819442727320983,2.2028673600316546,2.8258262689713898,37.120446384425684,-453.6998632610437,34.45673355866863
105,3,13.666666666666666,-6.17698850633951,2.1723021659096253,2.1873121818618184,1.571903323779871,32.32368718291254,-453.6998632610437,34.45673355866863
106,3,13.75,-5.50596798735667,2.165418456876487,2.1745436280781183,1.2188916406762862,28.386240939400725,-453.6998632610437,34.45673355866863
107,3,13.833333333333334,-5.029095582051378,2.161209636059408,2.166440234300296,1.5913924857664592,25.887392758887472,-453.6998632610437,34.45673355866863
108,3,13.916666666666666,-4.796202700584539,2.1587461036820184,2.1620594737812464,1.5123026398928001,24.53649512853272,-453.6998632610437,34.45673355866863
109,3,14.0,-3.9438239970195355,2.1572900111679156,2.1572900111679125,0.7821850335755579,23.06573321073314,-453.6998632610437,34.45673355866863
1,4,5.0,-0.06549797273629095,2.083573825348284,2.0826506728318366,0.04915769810459935,0.04915769810459935,-453.234998601736,34.43358730124657
2,4,5.083333333333333,-0.09070581237991825,2.0840737147701254,2.082839893115302,0.05834996718885167,0.10750766529339208,-453.234998601736,34.43358730124657
3,4,5.166666666666667,-0.12101053770477546,2.084718117695266,2.0830680138898647,0.07034573632521081,0.17785339920224102,-453.234998601736,34.43358730124657
4,4,5.25,-0.15834272508385142,2.0855939149776175,2.083380212549115,0.09627512072487711,0.27412627856805266,-453.234998601736,34.43358730124657
5,4,5.333333333333333,-0.2057062416055998,2.0867918158258507,2.0842139402337256,0.25722856610037015,0.5312233621917699,-453.234998601736,34.43358730124657
6,4,5.416666666666667,-0.2566088694354734,2.088130212614611,2.086755022873759,0.7842240710839264,1.3148184713125644,-453.234998601736,34.43358730124657
7,4,5.5,-0.271553844038538,2.088949997791558,2.0877129237554377,0.2988044889471778,1.6102069148367648,-453.234998601736,34.43358730124657
8,4,5.583333333333333,-0.2775613260723435,2.0897465355162814,2.0882489061256893,0.1907212921954526,1.775488105336943,-453.234998601736,34.43358730124657
9,4,5.666666666666667,-0.29396957752440556,2.090725097860989,2.0883555963667515,0.22614236005762817,1.8083882360805204,-453.234998601736,34.43358730124657
10,4,5.75,-0.34334338217593363,2.0923028353711355,2.0872060574963083,0.28516055801913975,1.4539042761996566,-453.234998601736,34.43358730124657
11,4,5.833333333333333,-0.4876109050205761,2.0953429642002757,2.0878884208398873,0.36520738736835173,1.66432505128507,-453.234998601736,34.43358730124657
12,4,5.916666666666667,-0.7146269878559766,2.099718798494399,2.0893854851835556,0.48873613501709223,2.125975640390595,-453.234998601736,34.43358730124657
13,4,6.0,-1.0244873956650962,2.1057110361900055,2.091895024480355,0.804389968198115,2.8998437106917665,-453.234998601736,34.43358730124657
14,4,6.083333333333333,-1.4478560888546361,2.113577644517763,2.0966045464227356,1.5274885229519828,4.352121689458268,-453.234998601736,34.43358730124657
15,4,6.166666666666667,-2.015193958699377,2.1232910474445004,2.100586816000479,1.3377435783079117,5.580136440005296,-453.234998601736,34.43358730124657
16,4,6.25,-2.8647457163484327,2.1361079312311584,2.1056721348644856,1.7555036389243859,7.148299130732521,-453.234998601736,34.43358730124657
17,4,6.333333333333333,-4.134925923324092,2.152930333870794,2.112585264240548,2.5804647877171023,9.28010479594704,-453.234998601736,34.43358730124657
18,4,6.416666666666667,-5.9286838525416155,2.1746994201638694,2.121690045146308,3.824792820500943,12.087751298650321,-453.234998601736,34.43358730124657
19,4,6.5,-8.44926619778173,2.2026310049586595,2.1376199560433813,5.617239353141674,17.000067045891075,-453.234998601736,34.43358730124657
20,4,6.583333333333333,-11.863914953241608,2.2361680676415467,2.161978927122325,8.407222819765135,24.511656909187902,-453.234998601736,34.43358730124657
21,4,6.666666666666667,-16.337893172820028,2.2736696505235865,2.19300976280733,10.936157951909951,34.08065348238868,-453.234998601736,34.43358730124657
22,4,6.75,-21.93444647432811,2.3136272764933903,2.225410172603008,12.08885596254034,44.07198640852598,-453.234998601736,34.43358730124657
23,4,6.833333333333333,-28.832545079702175,2.3561863585360476,2.260400676896214,14.01580780465681,54.86202825835133,-453.234998601736,34.43358730124657
24,4,6.916666666666667,-37.18732147811895,2.401565561446103,2.2978040440317393,16.873473382701864,66.39612600483801,-453.234998601736,34.43358730124657
25,4,7.0,-46.99691824985969,2.4502012346587088,2.3385663132170427,20.314678594807493,78.96601030023726,-453.234998601736,34.43358730124657
26,4,7.083333333333333,-57.99398097196951,2.500743018353433,2.398633713385064,28.419679190906855,97.48902889385622,-453.234998601736,34.43358730124657
27,4,7.166666666666667,-69.01932204147128,2.5455134088788496,2.450872809929767,28.271085940502363,113.59802901546513,-453.234998601736,34.43358730124657
28,4,7.25,-79.77961091820947,2.586723034792494,2.47553322132779,20.18957303076833,121.20257420260717,-453.234998601736,34.43358730124657
29,4,7.333333333333333,-91.59435015114602,2.6342254222481762,2.5071682105255912,22.052393875711466,130.95787394058007,-453.234998601736,34.43358730124657
30,4,7.416666666666667,-104.56023418468641,2.687577846154837,2.549589902589516,25.490873169506482,144.03947541949987,-453.234998601736,34.43358730124657
31,4,7.5,-118.24672230285448,2.7441227306285483,2.604023416812751,29.613574456932312,160.82516937749784,-453.234998601736,34.43358730124657
32,4,7.583333333333333,-131.6880435769397,2.799263998280952,2.6677780063557464,32.850852872977974,180.48520867052753,-453.234998601736,34.43358730124657
33,4,7.666666666666667,-144.67165097266917,2.849530498743501,2.7198107332527126,31.397950403868474,196.53057046566508,-453.234998601736,34.43358730124657
34,4,7.75,-157.42823095891544,2.8984243865865484,2.7513346842019164,26.713967882019567,206.25162927532025,-453.234998601736,34.43358730124657
35,4,7.833333333333333,-171.17186955988976,2.952308211704594,2.7979047644569897,37.98326909153582,220.61247159674784,-453.234998601736,34.43358730124657
36,4,7.916666666666667,-185.06769373986194,3.008343160351453,2.846457663390772,40.67828348123706,235.584756849795,-453.234998601736,34.43358730124657
37,4,8.0,-198.58645913417436,3.0650939972461795,2.9134193838668985,42.11334034404382,256.2337809455696,-453.234998601736,34.43358730124657
38,4,8.083333333333334,-211.64053843824115,3.116121964740322,2.9850592659490762,41.884521173670265,278.3254124152349,-453.234998601736,34.43358730124657
39,4,8.166666666666666,-224.26567103405782,3.1568340099841112,3.0804221979353326,59.16251751689444,307.7325343712779,-453.234998601736,34.43358730124657
40,4,8.25,-235.9937370536102,3.181970606176187,3.0824370114218382,42.122582713646494,308.35384356010286,-453.234998601736,34.43358730124657
41,4,8.333333333333334,-247.9243996785282,3.214597396830441,3.0937107244677606,47.41665249661068,311.83032490913115,-453.234998601736,34.43358730124657
42,4,8.416666666666666,-260.0927305917393,3.25219645708068,3.149916376003372,48.3058268612393,329.16249386514426,-453.234998601736,34.43358730124657
43,4,8.5,-271.90029696279595,3.282768044986479,3.209636331917471,56.231861274379895,347.57837087518124,-453.234998601736,34.43358730124657
44,4,8.583333333333334,-282.8243301709801,3.3041452709415386,3.256142641312299,55.392680035997245,361.9195481399099,-453.234998601736,34.43358730124657
45,4,8.666666666666666,-292.85550223609044,3.318452651389164,3.273417943696093,52.0856305355001,367.24674303048823,-453.234998601736,34.43358730124657
46,4,8.75,-302.34493690712424,3.3307919767321974,3.3090694763557416,66.427605854232,378.2406265762798,-453.234998601736,34.43358730124657
47,4,8.833333333333334,-310.19318253621975,3.336322966012899,3.325767382333754,65.96850927151723,383.3897694065014,-453.234998601736,34.43358730124657
48,4,8.916666666666666,-316.6541569259295,3.3386899412220936,3.330793274483836,62.81329156972672,384.93960664741894,-453.234998601736,34.43358730124657
49,4,9.0,-321.53278880672616,3.340908935821608,3.323514394862912,56.30709168925749,382.69501436971177,-453.234998601736,34.43358730124657
50,4,9.083333333333334,-325.9433981745874,3.3456463446561466,3.3201833975436514,55.596216725013036,381.66783281853145,-453.234998601736,34.43358730124657
51,4,9.166666666666666,-329.7584255724772,3.352207999610526,3.3368762070885714,64.67818135974514,386.8154040587614,-453.234998601736,34.43358730124657
52,4,9.25,-332.2556607623577,3.356158004576798,3.339824201324328,59.50413267478844,387.7244787297153,-453.234998601736,34.43358730124657
53,4,9.333333333333334,-333.3803020960191,3.358883199544655,3.3734490802920503,65.82746867779068,398.0934019157546,-453.234998601736,34.43358730124657
54,4,9.416666666666666,-332.93533884426006,3.353601024692272,3.3775734511816626,56.92932816856073,399.36523652923177,-453.234998601736,34.43358730124657
55,4,9.5,-331.3049263520942,3.345516650323657,3.3786818331473403,63.141292227679955,399.70702891081737,-453.234998601736,34.43358730124657
56,4,9.583333333333334,-328.71338167665215,3.334479833422057,3.391257894867658,67.4751062057629,403.5851162664935,-453.234998601736,34.43358730124657
57,4,9.666666666666666,-324.4425854551297,3.3178204104043028,3.375320972220668,52.000360545740136,398.670638301915,-453.234998601736,34.43358730124657
58,4,9.75,-319.39245655894206,3.3001663622436697,3.3722651429748387,50.89933560357311,397.72831048714215,-453.234998601736,34.43358730124657
59,4,9.833333333333334,-312.16916836378374,3.2780151723330175,3.3683057469315854,47.140821389014164,396.5073492615266,-453.234998601736,34.43358730124657
60,4,9.916666666666666,-303.3666119141483,3.2512224561789917,3.3454765152553723,43.90783563517518,389.4674860140134,-453.234998601736,34.43358730124657
61,4,10.0,-293.4293453946843,3.2234882995093512,3.3094458022240434,43.65046152800612,378.3566743998299,-453.234998601736,34.43358730124657
62,4,10.083333333333334,-283.2367368432706,3.197945644750497,3.277314896455193,43.350465030917995,368.44844858480474,-453.234998601736,34.43358730124657
63,4,10.166666666666666,-273.0011123412537,3.1740127851330473,3.253909591147638,49.254984568941,361.2309411816465,-453.234998601736,34.43358730124657
64,4,10.25,-263.0053670322569,3.1495916049114103,3.242828869363137,57.04853570543602,357.81397265843907,-453.234998601736,34.43358730124657
65,4,10.333333333333334,-252.98274407495788,3.1220206500113687,3.208647232880916,50.6664286166568,347.27336183876895,-453.234998601736,34.43358730124657
66,4,10.416666666666666,-243.36155823331512,3.0945535784011864,3.205005776887429,59.06378312524771,346.1504439684012,-453.234998601736,34.43358730124657
67,4,10.5,-233.86915457994687,3.0595324928794727,3.191905033980626,52.982131044298626,342.1105603747356,-453.234998601736,34.43358730124657
68,4,10.583333333333334,-223.70040825200397,3.019606880333284,3.1223788928631135,42.766747119794566,320.67074441699634,-453.234998601736,34.43358730124657
69,4,10.666666666666666,-214.0467335989666,2.9885009201740034,3.0493842326654326,43.304495610690736,298.16133924389953,-453.234998601736,34.43358730124657
70,4,10.75,-204.96435672089427,2.968891354774206,3.015274144865015,44.54660047859424,287.6427919322168,-453.234998601736,34.43358730124657
71,4,10.833333333333334,-195.50126508489333,2.9534102484434124,2.9921099002329505,41.946358643930125,280.49962054762784,-453.234998601736,34.43358730124657
72,4,10.916666666666666,-185.63701124137043,2.939514239082591,2.9886573803787693,45.050184008607715,279.4349650227515,-453.234998601736,34.43358730124657
73,4,11.0,-175.2223254635386,2.922104612278133,2.9841953487704167,43.698133574176445,278.05900578004014,-453.234998601736,34.43358730124657
74,4,11.083333333333334,-164.74569791240333,2.9013621414567106,2.958498057587711,38.62437683963566,270.134717379819,-453.234998601736,34.43358730124657
75,4,11.166666666666666,-154.77896097042617,2.8817925414648027,2.94237306744302,43.432632525014974,265.162244933258,-453.234998601736,34.43358730124657
76,4,11.25,-145.33272438525356,2.85997962474604,2.93988942042644,43.333272748011694,264.396361280238,-453.234998601736,34.43358730124657
77,4,11.333333333333334,-135.82228373571098,2.8323235647344243,2.9144606326125055,35.53837964509249,256.55487141763103,-453.234998601736,34.43358730124657
78,4,11.416666666666666,-126.77341270642769,2.8039549347726735,2.8821734420252723,31.650337379287997,246.59845196364867,-453.234998601736,34.43358730124657
79,4,11.5,-118.47897607360397,2.7771423712511556,2.8429622032335096,29.199069200066205,234.50685979906342,-453.234998601736,34.43358730124657
80,4,11.583333333333334,-110.65710743654364,2.753483542002805,2.8255676248665154,36.4389730851026,229.14288370523002,-453.234998601736,34.43358730124657
81,4,11.666666666666666,-102.40118313546617,2.7269888235936146,2.811500214838732,37.229384735784365,224.8049084178058,-453.234998601736,34.43358730124657
82,4,11.75,-93.92252375848794,2.6962967288231767,2.78073847024954,30.954043953604792,215.31889161994368,-453.234998601736,34.43358730124657
83,4,11.833333333333334,-85.73055037266104,2.6655407796001573,2.7432664332767156,29.96708725830841,203.76361811639816,-453.234998601736,34.43358730124657
84,4,11.916666666666666,-78.1557093147578,2.637094081205095,2.702331641840492,27.01915733977823,191.14053303567,-453.234998601736,34.43358730124657
85,4,12.0,-71.60426343150772,2.612597687166701,2.6739215013006263,24.699442251121802,182.3796817253877,-453.234998601736,34.43358730124657
86,4,12.083333333333334,-65.85227769503717,2.5884500154619885,2.6640948627845984,29.12210461994217,179.34943557795972,-453.234998601736,34.43358730124657
87,4,12.166666666666666,-60.207749999685554,2.5591329944791514,2.638878231553913,26.603052924443954,171.5733685624426,-453.234998601736,34.43358730124657
88,4,12.25,-55.198563324795124,2.528698448480875,2.601095124690614,20.343156737243802,159.92217025860532,-453.234998601736,34.43358730124657
89,4,12.333333333333334,-51.706479989924745,2.5004486116031392,2.572412663507796,17.725634609568175,151.0773432756833,-453.234998601736,34.43358730124657
90,4,12.416666666666666,-49.34794460409401,2.4719087599815652,2.543781218558985,16.194425928914278,142.24824819806167,-453.234998601736,34.43358730124657
91,4,12.5,-46.96769697782059,2.4423930843614934,2.5192752719191174,17.36216933397012,134.69133539686197,-453.234998601736,34.43358730124657
92,4,12.583333333333334,-44.56868329460533,2.4116725050912926,2.4705848617662074,12.65196886424129,119.67664573041245,-453.234998601736,34.43358730124657
93,4,12.666666666666666,-42.771644714191915,2.3879070138607252,2.4310670774602348,16.63886237903674,107.49052395003532,-453.234998601736,34.43358730124657
94,4,12.75,-41.070159376813265,2.3689460814291974,2.423414315275734,22.55554920688338,105.13063729205541,-453.234998601736,34.43358730124657
95,4,12.833333333333334,-38.10304114942577,2.3455270600417357,2.3981734341154866,13.545545973854258,97.34709231187009,-453.234998601736,34.43358730124657
96,4,12.916666666666666,-34.29524004202914,2.3232514335048537,2.3630277372499737,7.596092504679303,86.50919363963534,-453.234998601736,34.43358730124657
97,4,13.0,-30.531371743871187,2.305403548085536,2.348917939369373,12.30868664630669,82.15814718576021,-453.234998601736,34.43358730124657
98,4,13.083333333333334,-26.401183304609372,2.2866642446497147,2.3240457898516875,8.0999996397332,74.48830819338394,-453.234998601736,34.43358730124657
99,4,13.166666666666666,-22.25274825408422,2.269789298900796,2.3155702161961664,8.099671800875262,71.8746906908174,-453.234998601736,34.43358730124657
100,4,13.25,-17.749004354201258,2.248992263757743,2.298022960036021,6.503480344815911,66.46363325846328,-453.234998601736,34.43358730124657
101,4,13.333333333333334,-13.34013524899135,2.2273363361354557,2.2615201206953057,6.924884439202521,55.20723178384249,-453.234998601736,34.43358730124657
102,4,13.416666666666666,-10.662240174547799,2.212404423014239,2.230637274044269,5.3251536173238705,45.683870673807526,-453.234998601736,34.43358730124657
103,4,13.5,-9.267217118683615,2.2038542408809625,2.224569788422017,5.300749172178948,43.81283665730086,-453.234998601736,34.43358730124657
104,4,13.583333333333334,-8.156358306210974,2.1941677567314275,2.215092465400851,3.2708729569067483,40.890309129095165,-453.234998601736,34.43358730124657
105,4,13.666666666666666,-6.999758577797923,2.184592267581258,2.199675040973836,1.9466457907228747,36.13602912815465,-453.234998601736,34.43358730124657
106,4,13.75,-6.3214602551531796,2.177714354032503,2.187030976542253,1.5650760811885958,32.23697173745677,-453.234998601736,34.43358730124657
107,4,13.833333333333334,-5.817090510997435,2.173449002339727,2.178693423808015,1.8893789828796719,29.665915825438447,-453.234998601736,34.43358730124657
108,4,13.916666666666666,-5.60493948986774,2.1710087538560736,2.17407466700904,1.7643911038721025,28.241627145930003,-453.234998601736,34.43358730124657
109,4,14.0,-4.660961332774605,2.1696716414666777,2.1696716414666755,0.9991138123273633,26.883863637583296,-453.234998601736,34.43358730124657
1,5,5.0,-0.06655513395783377,2.0836438841276888,2.0826669871549064,0.054188555253683886,0.054188555253683886,-453.198558346694,34.413216114595365
2,5,5.083333333333333,-0.09222172024372934,2.0841735116386113,2.0828754248343286,0.0642760465868195,0.11846460184043012,-453.198558346694,34.413216114595365
3,5,5.166666666666667,-0.12314069971705129,2.084853669740713,2.0831262289263215,0.07734060443443047,0.19580520333718826,-453.198558346694,34.413216114595365
4,5,5.25,-0.16131947728953205,2.085772790267209,2.083465338477361,0.1045738757884661,0.30037660981740794,-453.198558346694,34.413216114595365
5,5,5.333333333333333,-0.20999633529131362,2.0870234620574886,2.084331612620261,0.26727751334794086,0.5675100634249027,-453.198558346694,34.413216114595365
6,5,5.416666666666667,-0.26267761970743936,2.0884262460346386,2.086910487830405,0.7959331328257421,1.3627592890365068,-453.198558346694,34.413216114595365
7,5,5.5,-0.2802893622445842,2.089325895266299,2.0879123828519806,0.312521835480024,1.6717142306784933,-453.198558346694,34.413216114595365
8,5,5.583333333333333,-0.2901067873765178,2.090223156531177,2.0885022081463362,0.2076077654194034,1.8535989945233937,-453.198558346694,34.413216114595365
9,5,5.666666666666667,-0.3116169998399569,2.0913304152867096,2.088673955083281,0.2467347157365095,1.9065606958376633,-453.198558346694,34.413216114595365
10,5,5.75,-0.36746357024341847,2.093073951853707,2.0876039796397907,0.31055628583972794,1.5766117554964942,-453.198558346694,34.413216114595365
11,5,5.833333333333333,-0.5194859687634564,2.0963289895524655,2.088385615916391,0.39671660582388935,1.8176453817966332,-453.198558346694,34.413216114595365
12,5,5.916666666666667,-0.7572009286040227,2.100984528124646,2.090007072985937,0.5288368833406845,2.317655027027449,-453.198558346694,34.413216114595365
13,5,6.0,-1.0830919436270372,2.1073439262573337,2.0926811200280664,0.8580402016513183,3.142252444978447,-453.198558346694,34.413216114595365
14,5,6.083333333333333,-1.5297269227137211,2.1156890693191377,2.0975902300551974,1.5962526833655808,4.656077515754134,-453.198558346694,34.413216114595365
15,5,6.166666666666667,-2.127409970627829,2.1260270591360753,2.1018346387240467,1.4289147488327045,5.9649282479665775,-453.198558346694,34.413216114595365
16,5,6.25,-3.007338971781483,2.1396475668597943,2.1072907453166976,1.885484488125164,7.64743096294582,-453.198558346694,34.413216114595365
17,5,6.333333333333333,-4.303708102570231,2.1574688607385455,2.1147269275957763,2.766357285052006,9.940530751443841,-453.198558346694,34.413216114595365
18,5,6.416666666666667,-6.118443578377219,2.180445435257,2.1245667653211573,4.086379285275411,12.97484714661978,-453.198558346694,34.413216114595365
19,5,6.5,-8.646202743212877,2.2097591938378773,2.1415177864734334,5.984749582617158,18.202043248101795,-453.198558346694,34.413216114595365
20,5,6.583333333333333,-12.045751703675844,2.244771541834707,2.167288394745389,8.920576376780218,26.14894048112749,-453.198558346694,34.413216114595365
21,5,6.666666666666667,-16.442159305227012,2.283684629649494,2.1997899271451358,11.50251579323865,36.17145664259989,-453.198558346694,34.413216114595365
22,5,6.75,-21.91022031300478,2.324918136101484,2.234029048890324,12.814198900660937,46.72979422573606,-453.198558346694,34.413216114595365
23,5,6.833333333333333,-28.58897558052721,2.3683770069265284,2.271050536447258,14.862764983240897,58.14613154784976,-453.198558346694,34.413216114595365
24,5,6.916666666666667,-36.614500978405644,2.414038277189613,2.31033554125363,17.775769061109838,70.26047098060985,-453.198558346694,34.413216114595365
25,5,7.0,-45.98713742737811,2.4621063647286348,2.352756508820053,21.211344359992566,83.34184904581996,-453.198558346694,34.413216114595365
26,5,7.083333333333333,-56.480028713843,2.5110612247087194,2.413091915689724,29.08476135921874,101.94751301952834,-453.198558346694,34.413216114595365
27,5,7.166666666666667,-67.17078742646851,2.5536377252251747,2.4640967358580506,28.546863132648838,117.67589862801803,-453.198558346694,34.413216114595365
28,5,7.25,-77.6435592549094,2.5923371722289987,2.4884246021605287,20.661648611015565,125.17789669358085,-453.198558346694,34.413216114595365
29,5,7.333333333333333,-89.14492537372054,2.6364345962488365,2.518744069994813,22.254835445362943,134.5275283552165,-453.198558346694,34.413216114595365
30,5,7.416666666666667,-101.76237131627497,2.685607833471872,2.558031376674294,25.19282273737179,146.64257761790557,-453.198558346694,34.413216114595365
31,5,7.5,-115.15864006423003,2.737826836326439,2.6075374784555914,28.809061391285205,161.9088025789911,-453.198558346694,34.413216114595365
32,5,7.583333333333333,-128.43172417423102,2.7891754513208142,2.6665428734982335,32.0159615869253,180.10433004382975,-453.198558346694,34.413216114595365
33,5,7.666666666666667,-141.3518563526605,2.836186449069353,2.715770990359868,30.871108348132,195.2848326360221,-453.198558346694,34.413216114595365
34,5,7.75,-154.16174146036713,2.8818091599351465,2.7445125397120425,26.165162860526994,204.1478806715716,-453.198558346694,34.413216114595365
35,5,7.833333333333333,-167.84385685456863,2.9324566023546326,2.785369779737087,36.40400355294279,216.74705117921667,-453.198558346694,34.413216114595365
36,5,7.916666666666667,-181.88753797808246,2.986438908543068,2.8283680385043595,39.130154983820226,230.00644886267827,-453.198558346694,34.413216114595365
37,5,8.0,-195.74251466236404,3.042490451360521,2.892588932223666,41.30336982592524,249.8102826416345,-453.198558346694,34.413216114595365
38,5,8.083333333333334,-209.2236282687079,3.0936298551858226,2.9620627328617086,41.09230898347533,271.2339583357414,-453.198558346694,34.413216114595365
39,5,8.166666666666666,-222.346806781168,3.1350334537158484,3.057822060540572,58.779095240720196,300.76331705855057,-453.198558346694,34.413216114595365
40,5,8.25,-234.63038509200342,3.1608214391941627,3.058408184077935,41.24552663763501,300.9440603094715,-453.198558346694,34.413216114595365
41,5,8.333333333333334,-247.25178562149617,3.1948943358630877,3.0681359891484954,46.65377947776516,303.9438291307134,-453.198558346694,34.413216114595365
42,5,8.416666666666666,-260.2057905205623,3.234889110937783,3.1240338043548403,47.555904069240015,321.1810704215563,-453.198558346694,34.413216114595365
43,5,8.5,-272.8409688079061,3.268603787607021,3.1830244166263784,55.259586567353324,339.37203931480275,-453.198558346694,34.413216114595365
44,5,8.583333333333334,-284.6239960110325,3.2940572329801086,3.2313817586008255,55.21941375963691,354.2840205562939,-453.198558346694,34.413216114595365
45,5,8.666666666666666,-295.40209456343575,3.312973806620787,3.251652977357791,51.923681724254564,360.5350678947883,-453.198558346694,34.413216114595365
46,5,8.75,-305.5686373554847,3.330369258350159,3.290973269572289,66.83455254667423,372.66028892580294,-453.198558346694,34.413216114595365
47,5,8.833333333333334,-313.93273916648775,3.3410319046519743,3.3160181803437787,67.34989480727393,380.38340240496444,-453.198558346694,34.413216114595365
48,5,8.916666666666666,-320.73986649223883,3.34741194730703,3.3305116950509035,63.52928588191931,384.85277583641005,-453.198558346694,34.413216114595365
49,5,9.0,-325.8836709007459,3.3521347091877085,3.327916054074114,56.96661601349546,384.05235654173526,-453.198558346694,34.413216114595365
50,5,9.083333333333334,-330.4400747809394,3.3587466435309405,3.327598765030224,56.1971879722166,383.95451393754263,-453.198558346694,34.413216114595365
51,5,9.166666666666666,-334.3513921666062,3.366853922559366,3.346336987230214,65.58938559338506,389.7328302497334,-453.198558346694,34.413216114595365
52,5,9.25,-336.837922748183,3.3721657738167456,3.3514335249456986,60.20824699635942,391.30445250411657,-453.198558346694,34.413216114595365
53,5,9.333333333333334,-337.8435491664509,3.3760525387806553,3.3868270022504667,66.37964136206665,402.21875937232153,-453.198558346694,34.413216114595365
54,5,9.416666666666666,-337.1846945773171,3.3718068619165473,3.392615567241693,57.38780001530995,404.0037824740861,-453.198558346694,34.413216114595365
55,5,9.5,-335.25078632173955,3.3645221195639303,3.3972110411060994,64.2384888751314,405.4208913817263,-453.198558346694,34.413216114595365
56,5,9.583333333333334,-332.20284500555493,3.353547146404137,3.412730577849047,68.28799584730773,410.2066598160161,-453.198558346694,34.413216114595365
57,5,9.666666666666666,-327.26559290856756,3.3361591852693544,3.3989974188558847,52.7793379510577,405.9717577115814,-453.198558346694,34.413216114595365
58,5,9.75,-321.4598219038462,3.3170288851452643,3.395343648918692,51.128623915688706,404.84504258334033,-453.198558346694,34.413216114595365
59,5,9.833333333333334,-313.5535066768291,3.2932048532618,3.3900928784411435,47.276417532453685,403.2258594837822,-453.198558346694,34.413216114595365
60,5,9.916666666666666,-304.19736973039113,3.2646742713769106,3.3658860607319956,44.03685003857524,395.7611892422757,-453.198558346694,34.413216114595365
61,5,10.0,-293.7505998907577,3.235152559691082,3.3273842365720716,43.62266366087252,383.8883596740302,-453.198558346694,34.413216114595365
62,5,10.083333333333334,-283.1595333579987,3.2079222060610846,3.294042308944074,43.52154508123576,373.606690354683,-453.198558346694,34.413216114595365
63,5,10.166666666666666,-272.5236877699482,3.182035978972949,3.2708994544898244,49.88991260809843,366.47011507147795,-453.198558346694,34.413216114595365
64,5,10.25,-262.10226464341446,3.1550954979577943,3.256616510002904,56.8250964724138,362.0656752994418,-453.198558346694,34.413216114595365
65,5,10.333333333333334,-251.73558164923514,3.125163553601318,3.2196533578592565,50.46800277543565,350.6673269021351,-453.198558346694,34.413216114595365
66,5,10.416666666666666,-241.86646094994208,3.095477214678178,3.2118271180520184,58.59166437832477,348.2539448502718,-453.198558346694,34.413216114595365
67,5,10.5,-232.12973395364645,3.0588387982350755,3.1947864793583767,52.607015902828834,342.9991133362302,-453.198558346694,34.413216114595365
68,5,10.583333333333334,-221.7925091928273,3.017856078289717,3.124465825891929,42.80535340682795,321.3142931503901,-453.198558346694,34.413216114595365
69,5,10.666666666666666,-212.07064084198382,2.9855664296737854,3.050645745900307,43.10351914688694,298.5503528026738,-453.198558346694,34.413216114595365
70,5,10.75,-202.95194184153902,2.9646148987930396,3.0153160556588476,44.24964867868074,287.65571598771555,-453.198558346694,34.413216114595365
71,5,10.833333333333334,-193.45072010960914,2.9477438406067216,2.9903503493942676,41.55322236784186,279.95702684771453,-453.198558346694,34.413216114595365
72,5,10.916666666666666,-183.55447069871582,2.9325721704807357,2.9850386092530092,44.70148624267402,278.3190424980375,-453.198558346694,34.413216114595365
73,5,11.0,-173.16488966066328,2.914089020053444,2.978384064332328,43.32974018702237,276.26697666943403,-453.198558346694,34.413216114595365
74,5,11.083333333333334,-162.74959289755213,2.8925989012663456,2.9511820195777907,38.24242799235016,267.8786665484144,-453.198558346694,34.413216114595365
75,5,11.166666666666666,-152.83882527123643,2.8725062988509835,2.9342416205830366,43.11523006930207,262.6547460077313,-453.198558346694,34.413216114595365
76,5,11.25,-143.46366271225332,2.850254216099455,2.9310042206699976,43.061553817877055,261.65642714231575,-453.198558346694,34.413216114595365
77,5,11.333333333333334,-134.01036462625967,2.8222401228221328,2.9047516610505832,35.277138856315794,253.56091029623494,-453.198558346694,34.413216114595365
78,5,11.416666666666666,-125.01046619592766,2.793663465217445,2.8717090051905014,31.258133248197222,243.3715275833689,-453.198558346694,34.413216114595365
79,5,11.5,-116.79579191516677,2.766804549179886,2.8325568913244212,28.97127261402278,231.29816780598028,-453.198558346694,34.413216114595365
80,5,11.583333333333334,-109.09240933794484,2.743079391116839,2.8152062213414846,36.20142487819465,225.9477317656873,-453.198558346694,34.413216114595365
81,5,11.666666666666666,-100.93234788075995,2.716493370947238,2.8007582299443583,36.864764663897674,221.4923963834197,-453.198558346694,34.413216114595365
82,5,11.75,-92.57863630898905,2.685783284338231,2.7699321789434825,30.74259391945885,211.98654938055483,-453.198558346694,34.413216114595365
83,5,11.833333333333334,-84.49899857580267,2.6550292081635596,2.7321545554143007,29.652418568827308,200.3370419755997,-453.198558346694,34.413216114595365
84,5,11.916666666666666,-77.06036215023526,2.6266992830888345,2.691192891755499,26.603647498726456,187.70567029220388,-453.198558346694,34.413216114595365
85,5,12.0,-70.63144559162669,2.602407615992154,2.6625279606295145,24.28304494476752,178.86624906294807,-453.198558346694,34.413216114595365
86,5,12.083333333333334,-65.02047892217398,2.5786444650411875,2.6523762414554786,28.686588322285903,175.73575760681916,-453.198558346694,34.413216114595365
87,5,12.166666666666666,-59.50776887753843,2.5499444384124876,2.6272295716118226,26.245368150311037,167.9812646242909,-453.198558346694,34.413216114595365
88,5,12.25,-54.609989227370455,2.520317769875045,2.589925096217554,20.127534148494036,156.47766218069626,-453.198558346694,34.413216114595365
89,5,12.333333333333334,-51.210954381909474,2.4930336350827242,2.561996938304424,17.599497995406416,147.86544012907763,-453.198558346694,34.413216114595365
90,5,12.416666666666666,-48.979263198783414,2.4655659581263913,2.5343965921785,16.111245408996137,139.3543055860351,-453.198558346694,34.413216114595365
91,5,12.5,-46.71801470749068,2.43713662081069,2.5113481118386263,17.363187277311184,132.2468325025332,-453.198558346694,34.413216114595365
92,5,12.583333333333334,-44.41924792176205,2.4073717133855066,2.4639247861804137,12.646372978197475,117.62287440744039,-453.198558346694,34.413216114595365
93,5,12.666666666666666,-42.71547045835801,2.384511655607018,2.4253601742083952,16.59471128768372,105.73068292561743,-453.198558346694,34.413216114595365
94,5,12.75,-41.100918534117774,2.3664847568779988,2.418670794362492,22.543509779304337,103.66787503117135,-453.198558346694,34.413216114595365
95,5,12.833333333333334,-38.21488649333932,2.34396011351551,2.3948938901578183,13.660643928843431,96.33577746327406,-453.198558346694,34.413216114595365
96,5,12.916666666666666,-34.424754913587066,2.3223743342332477,2.360662338503937,7.645929873594165,85.77977427352991,-453.198558346694,34.413216114595365
97,5,13.0,-30.68472921326556,2.305158026095529,2.347185097837076,12.381085185671958,81.62378984995492,-453.198558346694,34.413216114595365
98,5,13.083333333333334,-26.57837623013568,2.2870444118135076,2.3231636862206075,8.217849234894361,74.21629339143996,-453.198558346694,34.413216114595365
99,5,13.166666666666666,-22.44642553661443,2.270721066138031,2.315304150950765,8.253891426150764,71.7926439987033,-453.198558346694,34.413216114595365
100,5,13.25,-17.948254636004794,2.2504512702694885,2.2984395430281053,6.701288767575447,66.59209519433155,-453.198558346694,34.413216114595365
101,5,13.333333333333334,-13.546018029185932,2.229256639653241,2.2626984530145613,7.12158409106613,55.57059479602508,-453.198558346694,34.413216114595365
102,5,13.416666666666666,-10.865567585900623,2.214669797744083,2.232304056778824,5.53087759998105,46.197857420317675,-453.198558346694,34.413216114595365
103,5,13.5,-9.470481202690728,2.2063991852638014,2.226693306564507,5.480207102928725,44.46766716315273,-453.198558346694,34.413216114595365
104,5,13.583333333333334,-8.368849595540787,2.1969173947748835,2.217525314877119,3.418361948338336,41.64052831551467,-453.198558346694,34.413216114595365
105,5,13.666666666666666,-7.21328058410543,2.1874992911092117,2.2023861464911048,2.0788467396182235,36.972054289309675,-453.198558346694,34.413216114595365
106,5,13.75,-6.542842136341305,2.1807200019054664,2.1899020873165225,1.6870356752536209,33.12233781135673,-453.198558346694,34.413216114595365
107,5,13.833333333333334,-6.043338094864915,2.1765246239509555,2.181630075395629,1.9975094191508285,30.571492757488052,-453.198558346694,34.413216114595365
108,5,13.916666666666666,-5.8456254436461785,2.174158622542228,2.1770327519788886,1.8610494847755934,29.153813502335282,-453.198558346694,34.413216114595365
109,5,14.0,-4.880039268300607,2.1729074899306378,2.17290748993064,1.0840149790958555,27.881704081759114,-453.198558346694,34.413216114595365
