0.9849446733311864,0.2181349879429353,0.36739785608623665,-0.2396799999598192,0.19402366256252038,0.012709204653820286,0.1815071337609361,0.011321819953063408,0.03452743167286305,0.07990832002833723,0.0727192995424341,0.10929572420624384,0.04878056389001568,0.0637622169255136,0.08504113963215255,0.08866217731627735,0.06712228125543669,0.10383407008881919,0.07242509174208524,0.013508705467012291,0.0524183398590159,0.0387361749939968,0.00446477541551716,0.031367698331163936,0.04845974688698748,0.022362252171427954,0.05791065534943687,0.002988603993495949,0.025757555682890693,0.001313054985392476,0.10694798966033363,0.07924281303466249,0.07009452617030305,-0.06055080651005107,-0.05372575331270716,0.0918192960133078,0.15224037949751723,0.04922294024050591,-0.004464837452604843,-0.07235463638624187,0.05265280852047068,0.045026825463621745,-0.009600594733126827,-0.0055967592228960755,0.07275441881304491,0.14345506859967547,0.10724254750856811,-0.0005339632798302699,-0.09497618495375323,-0.0036106780128252972,-0.017425923793157348,-0.10679581776632567,0.1694619170957424,-0.0164605841684231,0.18376097220387588,-0.0447845512059121,0.04221272072713561,0.059436737381291405,-0.24062544510321263
0.2181349879429353,2.402374442888656,0.3217572352434588,-0.697369213749593,-0.13604062440848166,0.08900589903915533,0.02909073003509695,0.012831003884890516,0.03449390374193022,0.15192837270625595,0.10619545245245066,0.07303647465459727,0.016322813119770022,-0.06542763578892204,0.06826339463658165,0.0731734178125333,0.257134295180875,0.4370391294215634,0.027157314427543867,-0.14185233869542704,0.05526135796123553,-0.026844685777241795,-0.14560358953836058,-0.009917956802349219,0.014718790833721308,-0.062316426556984425,0.08162631074554848,0.2343417449830851,0.16070930658916274,0.06990539262921516,0.09283362798708708,0.09195565022377929,0.04737868022340314,-0.09445741808901728,-0.174239270232718,0.21743894957887008,0.4105197833582466,-0.033901268540034404,-0.1386174056204097,-0.10337726947989817,0.10871654697335187,0.038085457854613654,-0.10142256541924106,-0.0001273672695512648,0.04999399045991341,0.17578266527130387,0.04295814706793127,-0.00440976435319969,-0.33302895846597474,-0.1823670690257507,0.30751793503257663,0.1471913958017335,-0.11455463777267466,-0.14671053158875272,-0.4772446877281111,-0.015861425608499367,0.03431845088915387,0.27602049379146126,0.060460096910667276
0.36739785608623665,0.3217572352434588,2.0296050865171456,-0.1663980173618406,0.09478968003171342,0.1471152325614037,0.1452399504783237,0.13009412944525173,0.14597899438257608,0.1822621776239455,0.09937763714999891,0.15124247949404473,0.103356113732807,-0.0005807678489402855,0.11492308356623493,0.13498086406846316,0.29157068753964177,0.19787224208405058,0.15206508468734037,0.2868320626448974,0.133729790183654,0.10375504451117061,0.031096980484453644,0.037299672966035896,0.07089312699979353,0.2736357989421247,0.13339172861960877,0.21171382431064215,0.14292467865734565,-0.44510539882006483,0.22745320458576143,0.07911900975046199,0.28328794901419235,0.44335374148831436,-0.3247406426246281,0.4215856168918497,0.26881869819134185,0.21173812304726783,0.06686692963376509,-0.4082555790350856,0.2180692960601724,0.1478620725664034,-0.055509606441416136,0.07858952818022619,0.3879607566040366,0.5329342972216088,0.20273329142868124,0.01702177382543723,-0.4955508003521522,0.012935134791258242,0.15280022780949892,0.024785564568139754,0.08331896810094115,-0.23602775991760142,0.048116419021123236,-0.013042956974762992,-0.10231392245744368,-0.03571394532826363,-0.023817255878500837
-0.2396799999598192,-0.697369213749593,-0.1663980173618406,2.676551109064977,0.31734402435211245,0.375575744863168,0.3185622632855653,0.47550808249929843,0.08080391708826969,0.11021451044658036,0.27311958949345266,0.30944147071238093,0.22082864899360982,0.5392680026251743,0.2032531399006034,0.3315626576024465,0.1915988848281131,0.06912626236307748,0.26652290567263387,0.3851712230138877,0.21701577607080852,0.302181346088975,0.39660440266807345,0.28453899963410967,0.35661583039612954,0.3413853310058031,0.21583443641960193,0.01293341749738174,0.41880309894250345,0.24470431810508173,0.04649950547206103,0.24256166113467836,0.054045188275274325,0.5052578139207905,0.3559242589917752,0.16976150299562753,0.017401826942253975,0.18341272105963358,0.360215013842006,0.26880611714065716,0.27225623031418633,0.22019396966247426,0.3086383401958887,0.05788113959683251,0.2447633261722969,0.28002400105658415,0.42130970427243813,0.040682349167876566,0.33766223798181233,0.08913878921665445,-0.0694633416866991,-0.1398857196039354,-0.10432275221101203,0.03193969143185264,-0.09293919780984994,0.024101250871640147,-0.09977092431930974,0.13656378829356447,0.0004173989450976985
0.19402366256252038,-0.13604062440848166,0.09478968003171342,0.31734402435211245,1.1626882042366582,0.10635875590860491,0.14971852733806987,0.1547217057770503,-0.03839432495166131,0.1143139640662635,0.14111682517723098,0.17966215254618967,0.11950124941746401,0.15717886052318875,0.23185013922642791,0.17525699503481637,0.04413301928093313,0.07404771107463277,0.46761217483989476,0.09360430462260144,0.07686121559594171,0.10212007884367555,0.245619630514048,0.07398651886520585,0.13709178106057707,0.17636808767928472,0.06494359785742755,0.0016448441824428613,0.21652407859591263,-0.227520524270257,0.023992237913604907,0.1393269371319364,0.08830291449249256,0.3487237058831193,-0.019751686212001098,0.04268969606290532,0.07933541357449676,0.06512002604878758,0.2207129014636213,0.04947200895282007,0.06415501849259717,0.07828295161647648,0.0010986106092058768,-0.03936849514924294,-0.00686295446311112,0.0015415076209439507,0.24451686581633245,0.01889453619795609,0.049317108430437635,0.2200414922870527,-0.18627409251924032,-0.36005074985822616,0.1379337972128294,0.03966824036069482,0.04598472627506082,-0.08711247462825726,-0.05438714799281047,0.05875445131759441,0.013961677302576402
0.012709204653820286,0.08900589903915533,0.1471152325614037,0.375575744863168,0.10635875590860491,0.6685969365832908,0.06983507187289718,0.4213884076146962,0.08789089796549575,0.13300294173577135,0.2611117253216656,0.2579992815548885,0.17163017792782662,0.2474696573325742,0.15802848045118376,0.20667068289927915,0.28627263097005223,0.18349331826584137,0.30102346146874553,0.34861749207411263,0.16962260971354615,0.27880113943730667,0.32793212223516655,0.17043389705768835,0.27526100149249483,0.2804272196238651,0.19458732663122835,0.020796886772243218,0.43201451137931135,0.11537098920300357,0.089327999010896,0.23339442479581157,-0.030327507171666115,0.3006228853795487,0.09334870658824321,0.2177317053378873,0.18435638243598018,0.19314747154171694,0.2643991463475232,0.11963843702002154,0.1462684174906697,0.17412115481761364,0.1610151543163365,0.03580625574378221,0.1069462014290091,0.2553881569521633,0.2863417546515747,-0.005634933998488141,0.21643497768301626,0.10916910916656919,-0.11518572834224793,-0.22437427139389868,0.07694446227493658,-0.03986890547354493,-0.056744505636960554,0.011772636074579955,-0.008388433637430883,0.11213053121305899,-0.0937491309922123
0.1815071337609361,0.02909073003509695,0.1452399504783237,0.3185622632855653,0.14971852733806987,0.06983507187289718,0.5467485609660213,0.12467625800666231,0.12012070077584547,0.07978521299180613,0.20387618342315933,0.2705433838565679,0.13404072513877696,0.1594131528755215,0.16952783329114013,0.2123675963796248,0.11916253284722492,0.1807691328733071,0.074610164852404,0.20189546217483373,0.14172134708337922,0.19862547903946015,0.23312276018356995,0.14561767955502714,0.2149600749750299,0.1831169344084868,0.15331356494718557,0.017984449324063616,0.2100307974395393,0.13705804919491835,0.046612905364085085,0.12799988283760708,0.1169163101338628,0.24346378979070155,0.1276910400457396,0.16832914132529833,0.09165833083386662,0.1072009554909183,0.1704227136811725,0.0808213763089102,0.1920477488356091,0.1374554389825544,0.15648334122322352,0.01787643790312625,0.16534043149044822,0.24672775234154312,0.22171342826576576,0.027069772903889646,0.21088592337050382,-0.06935026779102316,-0.02127375387012375,-0.10745905876401049,0.15630838698934096,-0.0055474191541607185,0.0667409198712685,0.026672040991741346,-0.11768291128714957,0.06577154379520342,-0.13691400126575878
0.011321819953063408,0.012831003884890516,0.13009412944525173,0.47550808249929843,0.1547217057770503,0.4213884076146962,0.12467625800666231,0.8088315750912876,0.005990006694495014,0.21174930796136957,0.29390283109543164,0.13690975564001565,0.21355909396853337,0.2877444584778826,0.12509956213461454,0.2511867321278092,0.379962712957242,0.22541583481040153,0.2488678894664955,0.3798733690080512,0.19326123086329614,0.30289095669723737,0.3116827390060759,0.18291584941121175,0.29789420889603285,0.2944489114887902,0.20263597904675817,-0.031757133660998214,0.40728726056101666,0.17419188204181008,0.13000532038800724,0.20001955341741268,0.07929636471278334,0.3482683427342281,0.1273186715066771,0.22633368433146628,0.2258161544165163,0.19912374266315383,0.3539608020296424,0.1492518398225433,0.20687293081563446,0.1940159814945765,0.20586399912153763,0.04980968312492346,0.13704113571127569,0.31932381253645753,0.41637294756461724,0.004758646788765547,0.25605517647470577,0.1803317876859696,-0.0033967501350165015,-0.14791331609952094,0.06931865654792174,-0.17158115617121536,-0.08231635795558662,0.013850322437321934,0.020224557823629162,0.2126115499869003,-0.1534501799011424
0.03452743167286305,0.03449390374193022,0.14597899438257608,0.08080391708826969,-0.03839432495166131,0.08789089796549575,0.12012070077584547,0.005990006694495014,0.5508133566421664,0.12129788884087045,0.082718828051169,0.13120722820409822,0.0630523687105106,0.11030259874876495,0.11077324985293936,0.09067236249899546,0.07908348066164218,0.151788388462915,-0.06039323241198591,0.15484775677948132,0.11674508000962838,0.08268525659597116,0.11027572006936348,0.13645851287322053,0.11526059782089622,0.18022148505210647,0.09629562344103389,0.1333176778395357,0.05835777754704936,0.15662287523460378,0.11073235459028687,0.08748212241864026,0.2129901995904189,0.035594402369649475,0.11359631668491744,0.06985237346324097,0.1911339858103265,0.0904104097962955,0.09318661243339736,0.02463087028461287,0.14186796548200772,0.11952117988349457,0.11803203854328805,0.020300418235823518,0.17362108024947573,0.1968998596277702,0.2427128037389975,0.06558019399883387,0.2192274652192294,-0.03552417560675713,-0.07982066401042173,-0.2299965361824791,0.21942490081734364,-0.007848325229767666,0.04999925371178341,0.07698345100705493,-0.03968755046298403,-0.08679683449341877,-0.008397075507418939
0.07990832002833723,0.15192837270625595,0.1822621776239455,0.11021451044658036,0.1143139640662635,0.13300294173577135,0.07978521299180613,0.21174930796136957,0.12129788884087045,0.8115234093461945,0.21364246788922409,0.22215200021387208,0.16745321594982263,0.11229988496694181,0.15757380184074526,0.14930385161666962,0.30143902676947876,0.37588320283519217,0.0964628026641223,0.42550356835785047,0.2300168435977323,0.20042436187099721,0.2694596520699228,0.21990514955552767,0.2348057648411412,0.2373838190037962,0.2185199343329702,0.18504065791646318,0.3353934974609692,0.1919618985431192,0.24720816361820414,0.2626287244510686,0.2335208207676779,0.503486618911587,0.23593464820263285,0.25720969477222705,0.24403208124934725,0.2403464835828862,0.32336032128666936,0.19532503688258393,0.4640063413648151,0.23270167903237415,0.16356448304424046,-0.002103425223316699,0.31551083339176345,0.43056562355590977,0.878482549533689,0.07232462781855675,0.09446981278718215,-0.04252242920124603,0.003746042797971426,-0.08162698904112585,0.19814983146381704,-0.06339271011663276,-0.08503926471234825,-0.07465105017850802,0.10340114264844065,0.0659683450728068,-0.11869495604033654
0.0727192995424341,0.10619545245245066,0.09937763714999891,0.27311958949345266,0.14111682517723098,0.2611117253216656,0.20387618342315933,0.29390283109543164,0.082718828051169,0.21364246788922409,0.5155915153180484,0.31838878490196887,0.19409825176027176,0.18926115630374854,0.26239569728494616,0.20978688051322383,0.3311208644241597,0.23992209229876948,0.13562704261961642,0.2856667303364928,0.18403028859177037,0.2251406984212457,0.31635036979966313,0.2039447422180153,0.2826930282435412,0.23963103371589722,0.20711892331956402,0.10846686763367995,0.3332515274550143,0.22763533181768209,0.1454604202634108,0.21562383483855516,0.16374761885917297,0.25824578378810414,0.1823111215706417,0.2286406975899865,0.20327210456041592,0.16138673504672862,0.24548641736556204,0.13215647208061818,0.24434489623701522,0.18791355763029075,0.18159702882077777,0.021198199748312007,0.1508480600850148,0.3436714429860253,0.45895801204810716,0.03516321976413091,0.11642986367612788,0.013955812404510432,-0.06440863550945469,-0.18285732535616409,0.2391393238200432,-0.052602468075852976,-0.04015676434492833,0.03527180822079647,-0.019317185235733787,0.10600580461859187,-0.1375092743836728
0.10929572420624384,0.07303647465459727,0.15124247949404473,0.30944147071238093,0.17966215254618967,0.2579992815548885,0.2705433838565679,0.13690975564001565,0.13120722820409822,0.22215200021387208,0.31838878490196887,0.6168388017866492,0.12075176515516334,0.2088234828755958,0.22475506274778864,0.22343281297479686,0.2024657894264542,0.25347451200837284,0.13875573178848352,0.28473256339182307,0.17283378993913318,0.20498994512982466,0.35335641478511903,0.21007380080349633,0.3418680078560446,0.2364890798975525,0.23397341009576952,-0.06741624951765147,0.3637248267941906,0.19550474372880094,0.05362839512378732,0.2368676444489207,0.12320574249161358,0.3407433226764125,0.21178733180770037,0.21243410119784603,0.12559070716505943,0.1707737226233836,0.21135995909313798,0.15000553790870114,0.2634970550846742,0.18027553859577286,0.20755511773420537,0.003849244423289605,0.26316654355569374,0.3485267120159488,0.4845860361564612,0.05299389125961233,0.20768776517940607,-0.08411747675190014,-0.07255416107657764,-0.25321584755059695,0.2308327904498811,0.07423302068840029,-0.041465705816355364,0.045938656251113104,-0.055264440303865243,0.06626890464815843,-0.19156032559630118
0.04878056389001568,0.016322813119770022,0.103356113732807,0.22082864899360982,0.11950124941746401,0.17163017792782662,0.13404072513877696,0.21355909396853337,0.0630523687105106,0.16745321594982263,0.19409825176027176,0.12075176515516334,0.33861931514601334,0.12151000492804268,0.08874541234743569,0.12888253665345034,0.15564985328392789,0.14999449788155977,0.11060343637107982,0.20370514209411084,0.14626754695877558,0.28921032645790884,0.14640819926954918,0.13569260986158452,0.13852217499313152,0.2191258378315576,0.15484309919446815,0.09299181566302119,0.2160901844375372,0.1407782459714344,0.0936624296304701,0.17275777942455908,0.11372269650461427,0.1853821688207397,0.1486651343910749,0.1801795392821197,0.06834937385717517,0.11379190378809963,0.22513045342826046,0.10621313120507014,0.18811426603835862,0.1391523513894577,0.13699569829163918,0.03405501236156492,0.14068353258425034,0.25749365341871855,0.2609268476092117,-0.004594150853827424,0.22365150598868902,0.06484661010417071,-0.0331744334164707,-0.09845021111536481,0.030185178395049632,-0.02373613496509629,-0.002030684738125882,-0.0016057550046795607,-0.05097886975037681,0.06662624806840733,-0.05523306721614248
0.0637622169255136,-0.06542763578892204,-0.0005807678489402855,0.5392680026251743,0.15717886052318875,0.2474696573325742,0.1594131528755215,0.2877444584778826,0.11030259874876495,0.11229988496694181,0.18926115630374854,0.2088234828755958,0.12151000492804268,0.6193659457369485,0.17778189814676895,0.28338141046016524,0.22610358111243736,0.12130145007429696,0.14912357110236937,0.1621164627171846,0.13051393706579426,0.17941003459502392,0.2696464691520998,0.18471282367391362,0.25517029598193175,0.22044892509981345,0.14794467542844958,0.12852028209903585,0.26070215969445704,0.22927111000030553,0.07531118228189101,0.17550338095242282,0.058510375762164606,0.20129144514697891,0.25489385386419133,0.10956782939317503,0.12885651950008292,0.09628265913721626,0.14180163371321577,0.13950675758822814,0.20642310670588446,0.14283500885075348,0.189663032766956,0.04199958590708308,0.14995812436283412,0.24856947950443384,0.33725431021031554,0.04771942509476666,0.35719981583806315,0.020051782030404124,-0.060534895966113916,-0.10836322635515724,0.05372376304033055,0.08101898626162886,-0.12026198684675049,0.021608541734216755,-0.041213399839093584,0.13770874511625192,0.04930704327372366
0.08504113963215255,0.06826339463658165,0.11492308356623493,0.2032531399006034,0.23185013922642791,0.15802848045118376,0.16952783329114013,0.12509956213461454,0.11077324985293936,0.15757380184074526,0.26239569728494616,0.22475506274778864,0.08874541234743569,0.17778189814676895,0.7171452798999549,0.1578611919949953,0.15643483457916108,0.19103774835751924,0.1246537062350565,0.13939770231762225,0.16231977717031248,-0.024660444838564916,0.2581396757119161,0.18075619181825164,0.3091773745670374,0.23471915742000668,0.13759183357702262,0.27916282659512354,0.2700367327612982,0.20786298468711692,0.024489708720990135,0.08648040363174972,0.17183221269571444,0.27298099370339174,0.23455571945269554,0.11269146343976003,0.09088403184230212,0.05318250959843928,0.20500476368721843,0.09151888973871838,0.2296377831018364,0.1535567982442716,0.21919342955717652,0.022969890932136555,0.29148713703441803,0.2392679532899422,0.3163489923980125,0.0994580903661503,0.022873626960500406,-0.011508199220339447,-0.12021598087074455,-0.10169172532789912,0.06037862248865865,0.12722402845841346,0.01436880153923451,0.0738678534048238,-0.1172500104694799,0.005453649597036363,0.045627537953949755
0.08866217731627735,0.0731734178125333,0.13498086406846316,0.3315626576024465,0.17525699503481637,0.20667068289927915,0.2123675963796248,0.2511867321278092,0.09067236249899546,0.14930385161666962,0.20978688051322383,0.22343281297479686,0.12888253665345034,0.28338141046016524,0.1578611919949953,0.6172656511373146,0.22618687670371976,0.22162268252182074,0.15109772793599963,0.16330628340152675,0.14032841564426662,0.1843976085056775,0.2568418215778031,0.19787894813823337,0.30284714839372245,0.18846795110224812,0.1979476134451699,0.12510660686574218,0.26625991945707433,0.22131766394708344,0.06011605635902441,0.21747010595985405,0.08184961360090391,0.28336253837230124,0.22849025913623608,0.1409392805800615,0.17002259006539797,0.08899963090038215,0.2404353630562088,0.13065165229860823,0.2203172486878489,0.16840718316306177,0.22884571793549374,0.06507230612480314,0.17623844497003027,0.2721091805963832,0.35426498634192094,0.03709923063301133,0.20180137749938457,0.02079957549174403,-0.004431522782022787,-0.12496670860615229,0.04591967151343793,-0.01303075299964992,-0.03107550197211596,0.027087172647348962,-0.06426140332344114,0.1433680882012955,-0.0705411761315532
0.06712228125543669,0.257134295180875,0.29157068753964177,0.1915988848281131,0.04413301928093313,0.28627263097005223,0.11916253284722492,0.379962712957242,0.07908348066164218,0.30143902676947876,0.3311208644241597,0.2024657894264542,0.15564985328392789,0.22610358111243736,0.15643483457916108,0.22618687670371976,1.1536990247309293,0.21750076711361685,0.14161330284656057,0.2585114316476621,0.14264748491339424,0.21318358009263755,0.2825004870024149,0.2060428330196123,0.25441300920024323,0.1402972746577262,0.18543483849099804,0.3101407224079856,0.34605072112155894,0.18472298098711648,0.19626961643128263,0.2106578709993139,0.3749701716388036,0.23189639655497554,0.00299345683803025,0.20914188236076175,0.44154073725675946,0.1833972518426909,0.03849093874969106,0.020236658245553974,0.2510297311722651,0.16803205584566733,0.14641592406502088,0.008642296520507424,0.04212613487826802,0.3896212250717901,0.7510309596510614,0.04452288345161272,-0.05921158667174046,-0.058204510648667676,-0.002618756706021384,-0.10000010199471376,0.32239076153285107,-0.14487005113258397,-0.083397071942936,-0.04348825387601348,0.00681163013357178,0.13791628419778665,0.058601873978162904
0.10383407008881919,0.4370391294215634,0.19787224208405058,0.06912626236307748,0.07404771107463277,0.18349331826584137,0.1807691328733071,0.22541583481040153,0.151788388462915,0.37588320283519217,0.23992209229876948,0.25347451200837284,0.14999449788155977,0.12130145007429696,0.19103774835751924,0.22162268252182074,0.21750076711361685,1.0432116242146758,0.06899855939685752,0.07516053748198696,0.24339764031514333,0.29403786131876514,0.6170619425573456,0.25388505213373425,0.3024790601943742,0.5290463383343973,0.08883486899290648,0.24144476857739916,0.3138827819736932,0.15315515200804317,0.1709384985099194,0.17995080368759672,0.07732285356443144,0.38413498479977654,0.32652262975920876,0.19663548223846428,0.355971061969513,0.07356933389501447,0.36913538154018954,0.1997488362838543,0.35885370224873225,0.24324362883631437,0.31815863047346127,-0.005025505815723284,0.4107301996536766,0.4284105573084415,0.5678092568949543,0.020731997384449693,0.16875592373387377,0.023238692489058622,0.07468713566965672,-0.29068554262480983,0.04104184606383963,-0.061939602677637096,-0.12429157387124051,0.03245149049881597,-0.09218238137078279,0.35634672379811105,-0.2393403878034541
0.07242509174208524,0.027157314427543867,0.15206508468734037,0.26652290567263387,0.46761217483989476,0.30102346146874553,0.074610164852404,0.2488678894664955,-0.06039323241198591,0.0964628026641223,0.13562704261961642,0.13875573178848352,0.11060343637107982,0.14912357110236937,0.1246537062350565,0.15109772793599963,0.14161330284656057,0.06899855939685752,0.604850097887356,0.23061781807893492,0.09354227004555021,0.12235624709849537,0.10360239617526783,0.053067458499696324,0.08137199504906628,0.144989091706256,0.09699310220034439,0.14814689289955385,0.24521765783173918,-0.09112502105454798,0.08394793771381939,0.13328987374341922,-0.04311589309440537,0.3251084145193557,0.01152846864384049,0.13492117261110922,-0.07453349276933219,0.12735351800977177,0.14185692852552048,0.10967608305702328,0.12215943799317969,0.08318665194896516,0.112434928371726,0.001902625787925088,0.17418051298182347,0.15864229680368208,0.15224587605919523,-0.007625244030396269,-0.05982849686856946,0.021847552899228295,0.21469051804711287,0.5140365889559781,-0.528874543610239,-0.09487228671542508,-0.0529797331122021,-0.035644143847017196,-0.007447778488708676,0.1469437376316717,-0.08008334425677145
0.013508705467012291,-0.14185233869542704,0.2868320626448974,0.3851712230138877,0.09360430462260144,0.34861749207411263,0.20189546217483373,0.3798733690080512,0.15484775677948132,0.42550356835785047,0.2856667303364928,0.28473256339182307,0.20370514209411084,0.1621164627171846,0.13939770231762225,0.16330628340152675,0.2585114316476621,0.07516053748198696,0.23061781807893492,2.4413164598817665,0.27288163784724834,0.2249029085428278,0.08916748772390361,0.2908084904493081,0.26850714062985115,0.537309632908898,0.517967084712117,0.08840001050104963,0.4821970684927631,0.14873401404994455,0.41717079634971593,0.34335693357795044,0.16208290098347522,0.5835530417133531,0.141234163161579,0.26785790284598504,0.764503816136013,1.0435622326071394,0.3148677387693179,0.41159625407033246,0.6565241678764014,0.4067765618820729,0.5210716694095764,-0.20598645213933606,0.614409669420114,0.6467033138276161,0.9492616057995473,0.21596158134555732,0.8111344006875082,0.023493071036867656,-0.17688788898734104,0.23159606836811586,0.15067689525523847,-0.17671408346791753,0.00925528253075193,0.01129265928740414,0.1164993636297811,0.018789767348062415,-0.24052813827765526
0.0524183398590159,0.05526135796123553,0.133729790183654,0.21701577607080852,0.07686121559594171,0.16962260971354615,0.14172134708337922,0.19326123086329614,0.11674508000962838,0.2300168435977323,0.18403028859177037,0.17283378993913318,0.14626754695877558,0.13051393706579426,0.16231977717031248,0.14032841564426662,0.14264748491339424,0.24339764031514333,0.09354227004555021,0.27288163784724834,0.5143488692168302,0.2501431741135299,0.18589792885495138,0.18939543048264282,0.1569526264051782,0.2851812475802885,0.16569147192602324,0.2933628212684229,0.1870620500256239,0.3542981115293508,0.38822546540398317,0.2341247968859086,0.25832009007335466,0.20373393101540155,0.31761781626823693,0.28791877710247776,0.2608490551228051,0.19719018338091185,0.29795700818289644,0.19090980449373637,0.4727322107534824,0.39281993423209305,0.20946426690639514,0.05138639045206049,0.6332320781133559,0.4327417065014622,0.6143875347671653,0.08187051668888654,-0.007166301152990716,0.07417780791301998,0.04791914685732611,-0.19009549878711418,-0.060111094459231906,-0.01803105510793735,-0.03443781327784949,0.004115977461506287,-0.10603257098857732,0.0747346673268364,-0.019167128967688223
0.0387361749939968,-0.026844685777241795,0.10375504451117061,0.302181346088975,0.10212007884367555,0.27880113943730667,0.19862547903946015,0.30289095669723737,0.08268525659597116,0.20042436187099721,0.2251406984212457,0.20498994512982466,0.28921032645790884,0.17941003459502392,-0.024660444838564916,0.1843976085056775,0.21318358009263755,0.29403786131876514,0.12235624709849537,0.2249029085428278,0.2501431741135299,1.2442338469457583,0.845136246193779,0.22217808610083192,0.28527341078885443,0.25429592030822984,0.20445036133297625,-0.025969999556037286,0.3946887466117131,0.33309100067526065,0.20382033231380636,0.32051319876966794,0.1288225673404191,0.32705644222798835,0.30855060380418425,0.3970261147710046,0.09418819180718485,0.18224831527758792,0.3956113618279936,0.19251817999024162,0.3314024989213181,0.24508959432543057,0.1565293096179253,0.1250392234483747,-0.01309553741280386,0.580823777340373,0.5346809701062836,-0.22572246370026855,0.7189894126999997,0.11989652261043922,-0.0034610937547980536,-0.3531123778343477,0.0812204286169915,-0.09361705816109787,-0.013634122576860724,0.006162009897011863,-0.11982332560111301,0.037162155327503194,-0.009322764492164673
0.00446477541551716,-0.14560358953836058,0.031096980484453644,0.39660440266807345,0.245619630514048,0.32793212223516655,0.23312276018356995,0.3116827390060759,0.11027572006936348,0.2694596520699228,0.31635036979966313,0.35335641478511903,0.14640819926954918,0.2696464691520998,0.2581396757119161,0.2568418215778031,0.2825004870024149,0.6170619425573456,0.10360239617526783,0.08916748772390361,0.18589792885495138,0.845136246193779,2.711647913083835,0.3212826996205299,0.7416991467183343,0.11814720072199095,0.19183824206186872,-0.18879936758556365,0.9213715523235623,0.32940811270838033,0.1615602965858774,0.12854728125867151,0.10564233412683566,0.8784171629869137,0.4140990397472078,0.46921416155941853,0.1648069066647766,0.050687248646345696,0.5774080337138418,0.2545498785149083,0.3807116890643329,0.21147986278888997,0.11239589064826619,0.03503567156555676,-0.3920270773136205,0.6448152086436371,1.0743888995334554,-0.13435539058851517,0.34735636334644654,0.13041867092614556,-0.16760570754434498,-0.7350593695052866,0.4522041070699888,-0.008651993247657192,0.05289590491916204,0.06617406011536188,-0.25969169459945407,-0.13040713383469144,0.24824920513452
0.031367698331163936,-0.009917956802349219,0.037299672966035896,0.28453899963410967,0.07398651886520585,0.17043389705768835,0.14561767955502714,0.18291584941121175,0.13645851287322053,0.21990514955552767,0.2039447422180153,0.21007380080349633,0.13569260986158452,0.18471282367391362,0.18075619181825164,0.19787894813823337,0.2060428330196123,0.25388505213373425,0.053067458499696324,0.2908084904493081,0.18939543048264282,0.22217808610083192,0.3212826996205299,0.6789127012605661,0.36312838109521933,0.08657307020707891,0.17355290928502856,0.2461573818228976,0.28671674760493987,0.5009515431102832,-0.016364953463755192,0.22320662270719474,0.27392436850482993,0.29321186213769596,0.43984952612651856,0.21951200692848183,0.3391589571554816,0.170277783457652,0.26535303005788363,0.15037037618918547,0.367169568718211,0.21282836118266876,0.23607664632490985,0.06377186936269026,0.21900401085151666,0.4494828230236724,0.4812746340053013,0.1065119677320804,0.3600132818033765,-0.08975351853898447,-0.09438217943931711,-0.22615181801821216,0.2522797196861959,0.01718455707805674,-0.0183672689272835,0.011192328673829384,-0.038254312814978354,-0.1650877994115245,0.16212916628370744
0.04845974688698748,0.014718790833721308,0.07089312699979353,0.35661583039612954,0.13709178106057707,0.27526100149249483,0.2149600749750299,0.29789420889603285,0.11526059782089622,0.2348057648411412,0.2826930282435412,0.3418680078560446,0.13852217499313152,0.25517029598193175,0.3091773745670374,0.30284714839372245,0.25441300920024323,0.3024790601943742,0.08137199504906628,0.26850714062985115,0.1569526264051782,0.28527341078885443,0.7416991467183343,0.36312838109521933,1.1491766591159438,0.17532820627096826,0.21793103031303557,-0.08738425190088063,0.6640026013246199,0.4148145486205464,-0.28127063791901075,0.12972063279078624,0.16000259546755657,0.6618029494102664,0.41659297085553926,0.16914619038305245,0.1635224200987311,0.13908901784787162,0.41701562770820444,0.1561686814565885,0.24933176633443346,0.18268867433670188,0.36784612907708414,0.09218306767412877,0.09939197363008725,0.47605456649335814,0.5385819209560054,0.056653988685142743,0.31628903269127306,-0.35706268022270743,-0.20779189132985576,-0.34535704061514294,0.5335333503821231,0.10388833238742733,0.01556934120248341,0.05818429005585474,-0.09677394038584787,-0.01456292193016959,0.014015436711156801
0.022362252171427954,-0.062316426556984425,0.2736357989421247,0.3413853310058031,0.17636808767928472,0.2804272196238651,0.1831169344084868,0.2944489114887902,0.18022148505210647,0.2373838190037962,0.23963103371589722,0.2364890798975525,0.2191258378315576,0.22044892509981345,0.23471915742000668,0.18846795110224812,0.1402972746577262,0.5290463383343973,0.144989091706256,0.537309632908898,0.2851812475802885,0.25429592030822984,0.11814720072199095,0.08657307020707891,0.17532820627096826,1.771235267174498,0.2339895674636635,0.5029401970511024,0.2468319460778203,-0.3418101318483616,0.18298818549494886,0.2777257562776885,0.1946896525108592,0.43022945378376004,0.4378283465642156,0.07112508440080272,-0.22032007626853325,0.23803650401808035,0.5003898881652254,0.3800574881590443,0.32631390032572394,0.3089422826852771,0.5050077389831109,-0.13594608664853422,1.0246207745629328,0.26166167383555805,0.3351586344134635,0.1088128269695828,0.719443505520317,0.14727971181567315,-0.1613967159621976,-0.17112639558309076,-0.13010989428869513,0.045713298108398165,-0.0648683955855098,0.049394183024780915,-0.21072745930671724,0.19032304383313703,-0.04707117496372211
0.05791065534943687,0.08162631074554848,0.13339172861960877,0.21583443641960193,0.06494359785742755,0.19458732663122835,0.15331356494718557,0.20263597904675817,0.09629562344103389,0.2185199343329702,0.20711892331956402,0.23397341009576952,0.15484309919446815,0.14794467542844958,0.13759183357702262,0.1979476134451699,0.18543483849099804,0.08883486899290648,0.09699310220034439,0.517967084712117,0.16569147192602324,0.20445036133297625,0.19183824206186872,0.17355290928502856,0.21793103031303557,0.2339895674636635,0.46519272735665096,0.1505612975745719,0.22538376315989048,0.2018072130910772,0.1791752288391162,0.2835616449026628,0.12423635528363905,0.26485326396975056,0.16851983998111852,0.2609496918900246,0.19127753669675465,0.25580806987574517,0.20409529183772515,0.1853689518548179,0.3181078999839313,0.1902243691907882,0.31215693100196124,-0.030314609742165335,0.35471606516495313,0.3383137336079137,0.39909437665845665,0.05686412916012428,0.2559380467767191,-0.027445285937725175,-0.05057204831564374,-0.06199976722859947,0.11263883487808594,-0.00550279801323197,-0.019799915164867565,0.0069632884009525105,0.07068936643627181,0.09019968986917479,-0.19454247942318545
0.002988603993495949,0.2343417449830851,0.21171382431064215,0.01293341749738174,0.0016448441824428613,0.020796886772243218,0.017984449324063616,-0.031757133660998214,0.1333176778395357,0.18504065791646318,0.10846686763367995,-0.06741624951765147,0.09299181566302119,0.12852028209903585,0.27916282659512354,0.12510660686574218,0.3101407224079856,0.24144476857739916,0.14814689289955385,0.08840001050104963,0.2933628212684229,-0.025969999556037286,-0.18879936758556365,0.2461573818228976,-0.08738425190088063,0.5029401970511024,0.1505612975745719,3.745324523582748,-0.5851933102700323,0.21834416676978538,0.4602033215867769,0.1900238123652574,0.5696631939395986,0.16083104459516434,0.29057942772016077,0.03365856452763727,0.42691760186578864,0.06466060767607833,0.24133822367687718,0.09033940459621616,0.8099173608990895,0.3124013626747363,0.35587914246647384,0.05908056143475191,0.7433404611627429,0.2682830468119699,0.2177923502090231,0.22818394692022353,0.10757971570947254,-0.16482470828923554,-0.02496515016087673,0.9050623600546744,-0.36543583342037,-0.07342232550702359,-0.03739428358886755,0.01203267590162991,-0.05449386861544032,0.04721565410364568,0.18984206712943064
0.025757555682890693,0.16070930658916274,0.14292467865734565,0.41880309894250345,0.21652407859591263,0.43201451137931135,0.2100307974395393,0.40728726056101666,0.05835777754704936,0.3353934974609692,0.3332515274550143,0.3637248267941906,0.2160901844375372,0.26070215969445704,0.2700367327612982,0.26625991945707433,0.34605072112155894,0.3138827819736932,0.24521765783173918,0.4821970684927631,0.1870620500256239,0.3946887466117131,0.9213715523235623,0.28671674760493987,0.6640026013246199,0.2468319460778203,0.22538376315989048,-0.5851933102700323,2.6513636037836386,0.3072158463418389,-0.45125849148732833,0.3081330984277781,0.02803654338349826,1.1109550574804088,0.0026949872359574444,0.8055534107384136,-0.7936086608111376,0.1578025669893585,0.3923852228017695,0.22191332187075513,0.31956387868320824,0.11424265757093902,-0.003588797386509259,-0.2128938495764789,-0.12613647819909354,0.6345134295554186,0.6919942984267698,-0.08814917234186208,0.4910905807366357,0.03839868814062197,-0.10683782763726862,-0.19395730013428114,-0.20707552635534726,0.12939718171419426,-0.15224168947027686,0.07473815489341047,-0.06910862175301202,0.11197269008667872,-0.09988783483676965
0.001313054985392476,0.06990539262921516,-0.44510539882006483,0.24470431810508173,-0.227520524270257,0.11537098920300357,0.13705804919491835,0.17419188204181008,0.15662287523460378,0.1919618985431192,0.22763533181768209,0.19550474372880094,0.1407782459714344,0.22927111000030553,0.20786298468711692,0.22131766394708344,0.18472298098711648,0.15315515200804317,-0.09112502105454798,0.14873401404994455,0.3542981115293508,0.33309100067526065,0.32940811270838033,0.5009515431102832,0.4148145486205464,-0.3418101318483616,0.2018072130910772,0.21834416676978538,0.3072158463418389,2.3948051406070165,0.32183619870538577,0.3988093503044826,0.2250812892851766,-0.4477500839667084,0.9596194248008062,0.5514295624332405,0.32736009234697977,0.1060382291877669,-0.021851611161092854,0.10526144117160809,0.7527939133168828,0.37277000394394244,0.5561703341655524,0.4198117135804614,0.5055477928723248,1.105902995888607,0.5841930471887404,0.05785866648232359,0.002271437898151912,-0.3000075703171859,0.07394763039784831,-0.29183123948775497,0.21228206511442013,0.17977222310538893,-0.042749659236651305,-0.04037817494378921,0.0008093613980213624,0.031628798048995495,-0.0028250263933542337
0.10694798966033363,0.09283362798708708,0.22745320458576143,0.04649950547206103,0.023992237913604907,0.089327999010896,0.046612905364085085,0.13000532038800724,0.11073235459028687,0.24720816361820414,0.1454604202634108,0.05362839512378732,0.0936624296304701,0.07531118228189101,0.024489708720990135,0.06011605635902441,0.19626961643128263,0.1709384985099194,0.08394793771381939,0.41717079634971593,0.38822546540398317,0.20382033231380636,0.1615602965858774,-0.016364953463755192,-0.28127063791901075,0.18298818549494886,0.1791752288391162,0.4602033215867769,-0.45125849148732833,0.32183619870538577,2.363635899271393,0.5069608471420316,0.20197254341693863,-0.1619824353269988,0.2871408056829308,0.4619533484624567,1.0382482340746908,0.34376638363931966,0.1494251249763103,0.07326438702882453,0.5585178461906217,0.41662815951349447,-0.11354593668351153,0.1533856808892042,0.3582520492960998,0.563925423527462,1.0437303788823173,0.06696230162075131,-0.7721273668710171,0.49025604593507155,0.018586643575607076,0.17269180722808886,-0.3787625862053586,-0.3365853188565212,0.06135314385495924,-0.04479321793810216,0.3982914552104832,-0.14536471515188018,-0.2069697759581873
0.07924281303466249,0.09195565022377929,0.07911900975046199,0.24256166113467836,0.1393269371319364,0.23339442479581157,0.12799988283760708,0.20001955341741268,0.08748212241864026,0.2626287244510686,0.21562383483855516,0.2368676444489207,0.17275777942455908,0.17550338095242282,0.08648040363174972,0.21747010595985405,0.2106578709993139,0.17995080368759672,0.13328987374341922,0.34335693357795044,0.2341247968859086,0.32051319876966794,0.12854728125867151,0.22320662270719474,0.12972063279078624,0.2777257562776885,0.2835616449026628,0.1900238123652574,0.3081330984277781,0.3988093503044826,0.5069608471420316,0.9359305333008897,0.013095371484879902,0.17684205054050817,0.2706699408964627,0.41321421515503204,0.1623312398091786,0.23086497636929074,0.23178780811562855,0.18535149228760664,0.4380294227614864,0.25727704048356353,0.038449377405411246,0.029540433273638714,0.29883061085216583,0.5300642347146794,0.6143687266520904,0.00355301825564936,0.08593986045646841,0.016110536802819927,0.011731331280192814,-0.24018801155554925,0.14643849785238597,-0.04782152391014418,-0.12178471819964522,-0.04749113397264374,0.47503850332956865,-0.0777234637878641,-0.3282444347935447
0.07009452617030305,0.04737868022340314,0.28328794901419235,0.054045188275274325,0.08830291449249256,-0.030327507171666115,0.1169163101338628,0.07929636471278334,0.2129901995904189,0.2335208207676779,0.16374761885917297,0.12320574249161358,0.11372269650461427,0.058510375762164606,0.17183221269571444,0.08184961360090391,0.3749701716388036,0.07732285356443144,-0.04311589309440537,0.16208290098347522,0.25832009007335466,0.1288225673404191,0.10564233412683566,0.27392436850482993,0.16000259546755657,0.1946896525108592,0.12423635528363905,0.5696631939395986,0.02803654338349826,0.2250812892851766,0.20197254341693863,0.013095371484879902,2.0101691637891066,0.039254366378402204,-0.19270819622581373,-0.22510999252812752,0.36844922487946374,0.14646354141341894,0.07758783635020224,-0.09783403617144319,0.0870475578804206,0.22335320489715368,0.41794046938959306,0.13124791536890695,0.36717963129169234,0.4091842959130985,0.9447128535496633,0.35942441000444575,0.30861554108148576,-0.07435648176204576,-0.16796810806419474,-0.24511767111843535,0.4371384612824348,-0.05626712433193678,-0.04930845527361321,0.012235748678751907,-0.3629738124767862,0.050664811257158465,0.35649701075916207
-0.06055080651005107,-0.09445741808901728,0.44335374148831436,0.5052578139207905,0.3487237058831193,0.3006228853795487,0.24346378979070155,0.3482683427342281,0.035594402369649475,0.503486618911587,0.25824578378810414,0.3407433226764125,0.1853821688207397,0.20129144514697891,0.27298099370339174,0.28336253837230124,0.23189639655497554,0.38413498479977654,0.3251084145193557,0.5835530417133531,0.20373393101540155,0.32705644222798835,0.8784171629869137,0.29321186213769596,0.6618029494102664,0.43022945378376004,0.26485326396975056,0.16083104459516434,1.1109550574804088,-0.4477500839667084,-0.1619824353269988,0.17684205054050817,0.039254366378402204,2.8399879295294723,0.33364932074911147,0.23757670280123602,-0.3497717002566167,0.20453263603482208,0.7851089930846767,0.1283585819488039,0.5399291789900627,0.2042724327949772,0.5673971186532448,0.140665720912479,0.10545200838996104,0.28675690312463537,0.8014322694190351,0.1188795401440319,0.5484666680471876,-0.36163005122857395,-0.021835401637705955,0.2634549417472387,0.17509412451715597,-0.06861637044806718,-0.051052718129702676,0.09024051926399848,-0.2249946874180175,0.08812056524248477,-0.008556984558045258
-0.05372575331270716,-0.174239270232718,-0.3247406426246281,0.3559242589917752,-0.019751686212001098,0.09334870658824321,0.1276910400457396,0.1273186715066771,0.11359631668491744,0.23593464820263285,0.1823111215706417,0.21178733180770037,0.1486651343910749,0.25489385386419133,0.23455571945269554,0.22849025913623608,0.00299345683803025,0.32652262975920876,0.01152846864384049,0.141234163161579,0.31761781626823693,0.30855060380418425,0.4140990397472078,0.43984952612651856,0.41659297085553926,0.4378283465642156,0.16851983998111852,0.29057942772016077,0.0026949872359574444,0.9596194248008062,0.2871408056829308,0.2706699408964627,-0.19270819622581373,0.33364932074911147,2.6065368819190358,-0.07332326893645925,-0.10770586298679667,0.022987298584238782,0.42615696615111515,0.5207079630513558,0.5073508666706621,0.3161989261889291,0.5025045263311129,0.13070015468294058,0.9386410159974288,0.6982821471424165,0.6930163191504228,0.15506985114453983,0.42144945538069484,-0.13836195445217978,-0.10892322672865656,0.16377591132441474,-0.3355635720062397,0.3239083694053889,0.04297670949864582,0.023067156277761444,-0.15685093761671345,-0.19895179013184625,0.18342786701567546
0.0918192960133078,0.21743894957887008,0.4215856168918497,0.16976150299562753,0.04268969606290532,0.2177317053378873,0.16832914132529833,0.22633368433146628,0.06985237346324097,0.25720969477222705,0.2286406975899865,0.21243410119784603,0.1801795392821197,0.10956782939317503,0.11269146343976003,0.1409392805800615,0.20914188236076175,0.19663548223846428,0.13492117261110922,0.26785790284598504,0.28791877710247776,0.3970261147710046,0.46921416155941853,0.21951200692848183,0.16914619038305245,0.07112508440080272,0.2609496918900246,0.03365856452763727,0.8055534107384136,0.5514295624332405,0.4619533484624567,0.41321421515503204,-0.22510999252812752,0.23757670280123602,-0.07332326893645925,2.3831348769115963,-0.5136283690234565,0.1700660783777329,0.17599212545263737,0.1891850186360658,0.8093204109838105,0.31162015187018427,-0.660820319801262,0.07173598571248876,-0.055339391485056705,0.9571023368788063,-0.07165941971320768,-0.17222117193644376,-0.9467735541437295,-0.15160143236960627,0.3337959622968007,-0.3352549139095173,0.17764912175972963,-0.043026265810035734,-0.2243118528096873,-0.00855206115489833,0.311595715490847,-0.23723325249843485,-0.10355658942409002
0.15224037949751723,0.4105197833582466,0.26881869819134185,0.017401826942253975,0.07933541357449676,0.18435638243598018,0.09165833083386662,0.2258161544165163,0.1911339858103265,0.24403208124934725,0.20327210456041592,0.12559070716505943,0.06834937385717517,0.12885651950008292,0.09088403184230212,0.17002259006539797,0.44154073725675946,0.355971061969513,-0.07453349276933219,0.764503816136013,0.2608490551228051,0.09418819180718485,0.1648069066647766,0.3391589571554816,0.1635224200987311,-0.22032007626853325,0.19127753669675465,0.42691760186578864,-0.7936086608111376,0.32736009234697977,1.0382482340746908,0.1623312398091786,0.36844922487946374,-0.3497717002566167,-0.10770586298679667,-0.5136283690234565,4.910639586107626,0.5440205893805928,-0.12127426532482176,-0.41079503539655576,0.4511315479993604,0.47159910308950265,0.3178086049848581,0.04907785518740501,-0.22146033359261208,0.0018083731280115986,1.200658877244923,0.2888963517316128,-0.1303657734393328,1.2344408863539906,-0.7904560350637778,-0.32124561805222857,-0.08872291747549918,-0.6096197499663587,0.19262801226103116,-0.07425049921504374,0.05750333862585191,-0.09932081783805057,0.15521122064690385
0.04922294024050591,-0.033901268540034404,0.21173812304726783,0.18341272105963358,0.06512002604878758,0.19314747154171694,0.1072009554909183,0.19912374266315383,0.0904104097962955,0.2403464835828862,0.16138673504672862,0.1707737226233836,0.11379190378809963,0.09628265913721626,0.05318250959843928,0.08899963090038215,0.1833972518426909,0.07356933389501447,0.12735351800977177,1.0435622326071394,0.19719018338091185,0.18224831527758792,0.050687248646345696,0.170277783457652,0.13908901784787162,0.23803650401808035,0.25580806987574517,0.06466060767607833,0.1578025669893585,0.1060382291877669,0.34376638363931966,0.23086497636929074,0.14646354141341894,0.20453263603482208,0.022987298584238782,0.1700660783777329,0.5440205893805928,0.9297392849957944,0.1738278026461215,0.23564473715381973,0.31793705671510447,0.24432980736334728,0.23359477931468092,-0.0625927848011972,0.37329174924190367,0.3988668546675966,0.6958040164936156,0.11896380732351222,0.28959407396248316,0.08285885828462032,-0.16413754530974714,0.18484171991436116,0.03484249867425307,-0.12921592744307775,-0.027660781044946084,-0.00770536628839085,0.0863083010958616,0.02050482947743363,-0.1441491595499879
-0.004464837452604843,-0.1386174056204097,0.06686692963376509,0.360215013842006,0.2207129014636213,0.2643991463475232,0.1704227136811725,0.3539608020296424,0.09318661243339736,0.32336032128666936,0.24548641736556204,0.21135995909313798,0.22513045342826046,0.14180163371321577,0.20500476368721843,0.2404353630562088,0.03849093874969106,0.36913538154018954,0.14185692852552048,0.3148677387693179,0.29795700818289644,0.3956113618279936,0.5774080337138418,0.26535303005788363,0.41701562770820444,0.5003898881652254,0.20409529183772515,0.24133822367687718,0.3923852228017695,-0.021851611161092854,0.1494251249763103,0.23178780811562855,0.07758783635020224,0.7851089930846767,0.42615696615111515,0.17599212545263737,-0.12127426532482176,0.1738278026461215,2.0129561682551365,0.48448547769412026,0.24232505601471016,0.2140767390253962,0.09871253774283331,0.1489371049478116,0.7209156970781131,0.15432418614240148,0.46822826237125653,0.020615065565547975,0.9290735764851933,0.5467838812045257,-0.18018384190400302,-0.2706196702239689,0.05543144715107029,-0.2343811220199109,0.011970260409987006,0.06293190438835183,-0.04869016794701425,-0.11928261957527987,0.015531786862151845
-0.07235463638624187,-0.10337726947989817,-0.4082555790350856,0.26880611714065716,0.04947200895282007,0.11963843702002154,0.0808213763089102,0.1492518398225433,0.02463087028461287,0.19532503688258393,0.13215647208061818,0.15000553790870114,0.10621313120507014,0.13950675758822814,0.09151888973871838,0.13065165229860823,0.020236658245553974,0.1997488362838543,0.10967608305702328,0.41159625407033246,0.19090980449373637,0.19251817999024162,0.2545498785149083,0.15037037618918547,0.1561686814565885,0.3800574881590443,0.1853689518548179,0.09033940459621616,0.22191332187075513,0.10526144117160809,0.07326438702882453,0.18535149228760664,-0.09783403617144319,0.1283585819488039,0.5207079630513558,0.1891850186360658,-0.41079503539655576,0.23564473715381973,0.48448547769412026,1.1044463250822436,0.26244381928789223,0.16849790667323905,0.26457415190871697,-0.21022508869230114,0.5799402816242387,0.5162210359327765,0.40985688580169716,0.1293691961471265,0.5485093091631233,-0.02454166311308747,0.2705116079564958,-0.1120369454704062,-0.2945916972454016,0.14009496042108296,-0.12450809658479875,0.04107924211978768,0.09210594529362981,0.06495070928298342,-0.1063459555983856
0.05265280852047068,0.10871654697335187,0.2180692960601724,0.27225623031418633,0.06415501849259717,0.1462684174906697,0.1920477488356091,0.20687293081563446,0.14186796548200772,0.4640063413648151,0.24434489623701522,0.2634970550846742,0.18811426603835862,0.20642310670588446,0.2296377831018364,0.2203172486878489,0.2510297311722651,0.35885370224873225,0.12215943799317969,0.6565241678764014,0.4727322107534824,0.3314024989213181,0.3807116890643329,0.367169568718211,0.24933176633443346,0.32631390032572394,0.3181078999839313,0.8099173608990895,0.31956387868320824,0.7527939133168828,0.5585178461906217,0.4380294227614864,0.0870475578804206,0.5399291789900627,0.5073508666706621,0.8093204109838105,0.4511315479993604,0.31793705671510447,0.24232505601471016,0.26244381928789223,2.2443134972833594,0.46263094763286944,-0.22102907157984025,0.13226648297252055,0.7420727290653774,0.9278037569659574,0.9152197565153228,0.06978362063465939,-0.004040881290842859,-0.06111887218884874,0.2714640188591707,-0.205283050902707,-0.15774395701102834,0.07010366924220103,-0.16345046485162715,0.007554946624604001,0.11179812411610383,-0.048426414837335896,-0.09447809017740254
0.045026825463621745,0.038085457854613654,0.1478620725664034,0.22019396966247426,0.07828295161647648,0.17412115481761364,0.1374554389825544,0.1940159814945765,0.11952117988349457,0.23270167903237415,0.18791355763029075,0.18027553859577286,0.1391523513894577,0.14283500885075348,0.1535567982442716,0.16840718316306177,0.16803205584566733,0.24324362883631437,0.08318665194896516,0.4067765618820729,0.39281993423209305,0.24508959432543057,0.21147986278888997,0.21282836118266876,0.18268867433670188,0.3089422826852771,0.1902243691907882,0.3124013626747363,0.11424265757093902,0.37277000394394244,0.41662815951349447,0.25727704048356353,0.22335320489715368,0.2042724327949772,0.3161989261889291,0.31162015187018427,0.47159910308950265,0.24432980736334728,0.2140767390253962,0.16849790667323905,0.46263094763286944,0.6629446037385783,0.19412308734246728,0.020553649558807726,0.4344874422275568,0.5034885630167004,0.6958467779423206,0.12500525164677298,-0.0522795904166894,0.09754666434079737,-0.02797692815016256,-0.18053012114216666,-0.004429768905794903,-0.04858109364590915,-0.025141232517888232,-0.0014652018361805271,-0.0433233854638549,0.02181627155298786,-0.015207099332111064
-0.009600594733126827,-0.10142256541924106,-0.055509606441416136,0.3086383401958887,0.0010986106092058768,0.1610151543163365,0.15648334122322352,0.20586399912153763,0.11803203854328805,0.16356448304424046,0.18159702882077777,0.20755511773420537,0.13699569829163918,0.189663032766956,0.21919342955717652,0.22884571793549374,0.14641592406502088,0.31815863047346127,0.112434928371726,0.5210716694095764,0.20946426690639514,0.1565293096179253,0.11239589064826619,0.23607664632490985,0.36784612907708414,0.5050077389831109,0.31215693100196124,0.35587914246647384,-0.003588797386509259,0.5561703341655524,-0.11354593668351153,0.038449377405411246,0.41794046938959306,0.5673971186532448,0.5025045263311129,-0.660820319801262,0.3178086049848581,0.23359477931468092,0.09871253774283331,0.26457415190871697,-0.22102907157984025,0.19412308734246728,2.850947351107293,-0.09521520795644944,1.2040606662852884,0.3950832178435906,0.422363814158639,0.1676858824939803,0.5564925565339907,-0.23161332935501736,-0.0450546486158139,0.3425452226619464,-0.2643114970909639,0.08748230023339056,0.15605737246640156,0.02042331311115969,-0.46927614945255575,0.6434790964557685,-0.18201983124051704
-0.0055967592228960755,-0.0001273672695512648,0.07858952818022619,0.05788113959683251,-0.03936849514924294,0.03580625574378221,0.01787643790312625,0.04980968312492346,0.020300418235823518,-0.002103425223316699,0.021198199748312007,0.003849244423289605,0.03405501236156492,0.04199958590708308,0.022969890932136555,0.06507230612480314,0.008642296520507424,-0.005025505815723284,0.001902625787925088,-0.20598645213933606,0.05138639045206049,0.1250392234483747,0.03503567156555676,0.06377186936269026,0.09218306767412877,-0.13594608664853422,-0.030314609742165335,0.05908056143475191,-0.2128938495764789,0.4198117135804614,0.1533856808892042,0.029540433273638714,0.13124791536890695,0.140665720912479,0.13070015468294058,0.07173598571248876,0.04907785518740501,-0.0625927848011972,0.1489371049478116,-0.21022508869230114,0.13226648297252055,0.020553649558807726,-0.09521520795644944,1.1918270450594468,-0.3834100186464895,0.03164895644223818,-0.1376195238155987,0.036350496810206995,-0.15114014800382708,-0.062417185705971885,0.11921693186435549,-0.09085608758527185,-0.008900414012602047,0.006952067530169764,-0.07254630076576365,-0.0029560486085037393,-0.002772238984970359,-0.04120346542911981,0.10808553105558963
0.07275441881304491,0.04999399045991341,0.3879607566040366,0.2447633261722969,-0.00686295446311112,0.1069462014290091,0.16534043149044822,0.13704113571127569,0.17362108024947573,0.31551083339176345,0.1508480600850148,0.26316654355569374,0.14068353258425034,0.14995812436283412,0.29148713703441803,0.17623844497003027,0.04212613487826802,0.4107301996536766,0.17418051298182347,0.614409669420114,0.6332320781133559,-0.01309553741280386,-0.3920270773136205,0.21900401085151666,0.09939197363008725,1.0246207745629328,0.35471606516495313,0.7433404611627429,-0.12613647819909354,0.5055477928723248,0.3582520492960998,0.29883061085216583,0.36717963129169234,0.10545200838996104,0.9386410159974288,-0.055339391485056705,-0.22146033359261208,0.37329174924190367,0.7209156970781131,0.5799402816242387,0.7420727290653774,0.4344874422275568,1.2040606662852884,-0.3834100186464895,6.025133139951559,-0.11269623117618541,0.6918598714656558,0.12757958001942019,-0.7545917037243944,-0.28264423086087925,0.9389973697112435,-0.4195013508468596,-0.8147849442029722,0.3967785934544866,-0.2862957593360222,0.00500087469748893,-0.2963145283671719,0.4486796961965829,-0.3138590537044372
0.14345506859967547,0.17578266527130387,0.5329342972216088,0.28002400105658415,0.0015415076209439507,0.2553881569521633,0.24672775234154312,0.31932381253645753,0.1968998596277702,0.43056562355590977,0.3436714429860253,0.3485267120159488,0.25749365341871855,0.24856947950443384,0.2392679532899422,0.2721091805963832,0.3896212250717901,0.4284105573084415,0.15864229680368208,0.6467033138276161,0.4327417065014622,0.580823777340373,0.6448152086436371,0.4494828230236724,0.47605456649335814,0.26166167383555805,0.3383137336079137,0.2682830468119699,0.6345134295554186,1.105902995888607,0.563925423527462,0.5300642347146794,0.4091842959130985,0.28675690312463537,0.6982821471424165,0.9571023368788063,0.0018083731280115986,0.3988668546675966,0.15432418614240148,0.5162210359327765,0.9278037569659574,0.5034885630167004,0.3950832178435906,0.03164895644223818,-0.11269623117618541,3.2382394199600752,1.002619191239004,0.262750561268294,-0.0067270771706038025,-0.30614283999108305,0.49563573644520453,-0.33780989950379375,0.025962151993188774,0.02754294627483838,-0.10668542472910034,0.003878233317974106,0.07174053203099519,-0.008271753465754171,-0.08823459202908746
0.10724254750856811,0.04295814706793127,0.20273329142868124,0.42130970427243813,0.24451686581633245,0.2863417546515747,0.22171342826576576,0.41637294756461724,0.2427128037389975,0.878482549533689,0.45895801204810716,0.4845860361564612,0.2609268476092117,0.33725431021031554,0.3163489923980125,0.35426498634192094,0.7510309596510614,0.5678092568949543,0.15224587605919523,0.9492616057995473,0.6143875347671653,0.5346809701062836,1.0743888995334554,0.4812746340053013,0.5385819209560054,0.3351586344134635,0.39909437665845665,0.2177923502090231,0.6919942984267698,0.5841930471887404,1.0437303788823173,0.6143687266520904,0.9447128535496633,0.8014322694190351,0.6930163191504228,-0.07165941971320768,1.200658877244923,0.6958040164936156,0.46822826237125653,0.40985688580169716,0.9152197565153228,0.6958467779423206,0.422363814158639,-0.1376195238155987,0.6918598714656558,1.002619191239004,4.440970768350266,0.1331420511483424,-0.40221888019436147,0.21878316997065358,-0.24538321061488,-0.27802838665631535,0.21001082547657304,-0.1406918009887286,0.0029564040585173296,0.007104010381275749,-0.0198550167979469,0.005378150470731968,-0.05891023713412608
-0.0005339632798302699,-0.00440976435319969,0.01702177382543723,0.040682349167876566,0.01889453619795609,-0.005634933998488141,0.027069772903889646,0.004758646788765547,0.06558019399883387,0.07232462781855675,0.03516321976413091,0.05299389125961233,-0.004594150853827424,0.04771942509476666,0.0994580903661503,0.03709923063301133,0.04452288345161272,0.020731997384449693,-0.007625244030396269,0.21596158134555732,0.08187051668888654,-0.22572246370026855,-0.13435539058851517,0.1065119677320804,0.056653988685142743,0.1088128269695828,0.05686412916012428,0.22818394692022353,-0.08814917234186208,0.05785866648232359,0.06696230162075131,0.00355301825564936,0.35942441000444575,0.1188795401440319,0.15506985114453983,-0.17222117193644376,0.2888963517316128,0.11896380732351222,0.020615065565547975,0.1293691961471265,0.06978362063465939,0.12500525164677298,0.1676858824939803,0.036350496810206995,0.12757958001942019,0.262750561268294,0.1331420511483424,1.0967458582315928,0.846692398352241,-0.06084216963416387,-0.035869525875930626,-0.015667432083195553,0.030321389862699555,0.06816758333854661,-0.039826535446261045,0.0114370548487694,-0.045584569520160934,0.0033231864313458042,0.06983052038246569
-0.09497618495375323,-0.33302895846597474,-0.4955508003521522,0.33766223798181233,0.049317108430437635,0.21643497768301626,0.21088592337050382,0.25605517647470577,0.2192274652192294,0.09446981278718215,0.11642986367612788,0.20768776517940607,0.22365150598868902,0.35719981583806315,0.022873626960500406,0.20180137749938457,-0.05921158667174046,0.16875592373387377,-0.05982849686856946,0.8111344006875082,-0.007166301152990716,0.7189894126999997,0.34735636334644654,0.3600132818033765,0.31628903269127306,0.719443505520317,0.2559380467767191,0.10757971570947254,0.4910905807366357,0.002271437898151912,-0.7721273668710171,0.08593986045646841,0.30861554108148576,0.5484666680471876,0.42144945538069484,-0.9467735541437295,-0.1303657734393328,0.28959407396248316,0.9290735764851933,0.5485093091631233,-0.004040881290842859,-0.0522795904166894,0.5564925565339907,-0.15114014800382708,-0.7545917037243944,-0.0067270771706038025,-0.40221888019436147,0.846692398352241,12.098872138895834,0.22511221046972593,-0.6660657618840329,-0.11309474576910507,0.38177615442418983,0.030380194397885456,0.04687497309149835,0.12304171745950562,-0.2737079871986787,0.07078904880179365,0.15256960585262216
-0.0036106780128252972,-0.1823670690257507,0.012935134791258242,0.08913878921665445,0.2200414922870527,0.10916910916656919,-0.06935026779102316,0.1803317876859696,-0.03552417560675713,-0.04252242920124603,0.013955812404510432,-0.08411747675190014,0.06484661010417071,0.020051782030404124,-0.011508199220339447,0.02079957549174403,-0.058204510648667676,0.023238692489058622,0.021847552899228295,0.023493071036867656,0.07417780791301998,0.11989652261043922,0.13041867092614556,-0.08975351853898447,-0.35706268022270743,0.14727971181567315,-0.027445285937725175,-0.16482470828923554,0.03839868814062197,-0.3000075703171859,0.49025604593507155,0.016110536802819927,-0.07435648176204576,-0.36163005122857395,-0.13836195445217978,-0.15160143236960627,1.2344408863539906,0.08285885828462032,0.5467838812045257,-0.02454166311308747,-0.06111887218884874,0.09754666434079737,-0.23161332935501736,-0.062417185705971885,-0.28264423086087925,-0.30614283999108305,0.21878316997065358,-0.06084216963416387,0.22511221046972593,4.604074902085158,-0.5241541899107455,-0.3492015526785696,-2.059153420951129,-0.4532689932898509,0.12608312508615194,-0.014728197827734784,0.008086548978915746,-0.09514363936390155,0.0891291709445487
-0.017425923793157348,0.30751793503257663,0.15280022780949892,-0.0694633416866991,-0.18627409251924032,-0.11518572834224793,-0.02127375387012375,-0.0033967501350165015,-0.07982066401042173,0.003746042797971426,-0.06440863550945469,-0.07255416107657764,-0.0331744334164707,-0.060534895966113916,-0.12021598087074455,-0.004431522782022787,-0.002618756706021384,0.07468713566965672,0.21469051804711287,-0.17688788898734104,0.04791914685732611,-0.0034610937547980536,-0.16760570754434498,-0.09438217943931711,-0.20779189132985576,-0.1613967159621976,-0.05057204831564374,-0.02496515016087673,-0.10683782763726862,0.07394763039784831,0.018586643575607076,0.011731331280192814,-0.16796810806419474,-0.021835401637705955,-0.10892322672865656,0.3337959622968007,-0.7904560350637778,-0.16413754530974714,-0.18018384190400302,0.2705116079564958,0.2714640188591707,-0.02797692815016256,-0.0450546486158139,0.11921693186435549,0.9389973697112435,0.49563573644520453,-0.24538321061488,-0.035869525875930626,-0.6660657618840329,-0.5241541899107455,2.1298742705557046,-0.435433347847224,-0.9265941365345043,-0.15770132590919542,-0.2601476204681778,-0.0029745125608841945,0.08345025360693734,0.21165420214078184,-0.16867508068673825
-0.10679581776632567,0.1471913958017335,0.024785564568139754,-0.1398857196039354,-0.36005074985822616,-0.22437427139389868,-0.10745905876401049,-0.14791331609952094,-0.2299965361824791,-0.08162698904112585,-0.18285732535616409,-0.25321584755059695,-0.09845021111536481,-0.10836322635515724,-0.10169172532789912,-0.12496670860615229,-0.10000010199471376,-0.29068554262480983,0.5140365889559781,0.23159606836811586,-0.19009549878711418,-0.3531123778343477,-0.7350593695052866,-0.22615181801821216,-0.34535704061514294,-0.17112639558309076,-0.06199976722859947,0.9050623600546744,-0.19395730013428114,-0.29183123948775497,0.17269180722808886,-0.24018801155554925,-0.24511767111843535,0.2634549417472387,0.16377591132441474,-0.3352549139095173,-0.32124561805222857,0.18484171991436116,-0.2706196702239689,-0.1120369454704062,-0.205283050902707,-0.18053012114216666,0.3425452226619464,-0.09085608758527185,-0.4195013508468596,-0.33780989950379375,-0.27802838665631535,-0.015667432083195553,-0.11309474576910507,-0.3492015526785696,-0.435433347847224,5.957594311488659,-2.9190007640901805,-0.39933596047175185,0.024819710008212502,0.01614069847595567,0.017422096908637833,0.12478035678558808,-0.03302658142596383
0.1694619170957424,-0.11455463777267466,0.08331896810094115,-0.10432275221101203,0.1379337972128294,0.07694446227493658,0.15630838698934096,0.06931865654792174,0.21942490081734364,0.19814983146381704,0.2391393238200432,0.2308327904498811,0.030185178395049632,0.05372376304033055,0.06037862248865865,0.04591967151343793,0.32239076153285107,0.04104184606383963,-0.528874543610239,0.15067689525523847,-0.060111094459231906,0.0812204286169915,0.4522041070699888,0.2522797196861959,0.5335333503821231,-0.13010989428869513,0.11263883487808594,-0.36543583342037,-0.20707552635534726,0.21228206511442013,-0.3787625862053586,0.14643849785238597,0.4371384612824348,0.17509412451715597,-0.3355635720062397,0.17764912175972963,-0.08872291747549918,0.03484249867425307,0.05543144715107029,-0.2945916972454016,-0.15774395701102834,-0.004429768905794903,-0.2643114970909639,-0.008900414012602047,-0.8147849442029722,0.025962151993188774,0.21001082547657304,0.030321389862699555,0.38177615442418983,-2.059153420951129,-0.9265941365345043,-2.9190007640901805,7.0538561399991915,0.029989341605383506,0.11687512444855153,-0.028118585310401276,0.08105929396945749,-0.2266285443536246,0.01499762411285121
-0.0164605841684231,-0.14671053158875272,-0.23602775991760142,0.03193969143185264,0.03966824036069482,-0.03986890547354493,-0.0055474191541607185,-0.17158115617121536,-0.007848325229767666,-0.06339271011663276,-0.052602468075852976,0.07423302068840029,-0.02373613496509629,0.08101898626162886,0.12722402845841346,-0.01303075299964992,-0.14487005113258397,-0.061939602677637096,-0.09487228671542508,-0.17671408346791753,-0.01803105510793735,-0.09361705816109787,-0.008651993247657192,0.01718455707805674,0.10388833238742733,0.045713298108398165,-0.00550279801323197,-0.07342232550702359,0.12939718171419426,0.17977222310538893,-0.3365853188565212,-0.04782152391014418,-0.05626712433193678,-0.06861637044806718,0.3239083694053889,-0.043026265810035734,-0.6096197499663587,-0.12921592744307775,-0.2343811220199109,0.14009496042108296,0.07010366924220103,-0.04858109364590915,0.08748230023339056,0.006952067530169764,0.3967785934544866,0.02754294627483838,-0.1406918009887286,0.06816758333854661,0.030380194397885456,-0.4532689932898509,-0.15770132590919542,-0.39933596047175185,0.029989341605383506,0.9275450340808358,-0.039050191226869056,0.016402707288141274,-0.09213621014192197,0.016763368991425425,0.041028048491127615
0.18376097220387588,-0.4772446877281111,0.048116419021123236,-0.09293919780984994,0.04598472627506082,-0.056744505636960554,0.0667409198712685,-0.08231635795558662,0.04999925371178341,-0.08503926471234825,-0.04015676434492833,-0.041465705816355364,-0.002030684738125882,-0.12026198684675049,0.01436880153923451,-0.03107550197211596,-0.083397071942936,-0.12429157387124051,-0.0529797331122021,0.00925528253075193,-0.03443781327784949,-0.013634122576860724,0.05289590491916204,-0.0183672689272835,0.01556934120248341,-0.0648683955855098,-0.019799915164867565,-0.03739428358886755,-0.15224168947027686,-0.042749659236651305,0.06135314385495924,-0.12178471819964522,-0.04930845527361321,-0.051052718129702676,0.04297670949864582,-0.2243118528096873,0.19262801226103116,-0.027660781044946084,0.011970260409987006,-0.12450809658479875,-0.16345046485162715,-0.025141232517888232,0.15605737246640156,-0.07254630076576365,-0.2862957593360222,-0.10668542472910034,0.0029564040585173296,-0.039826535446261045,0.04687497309149835,0.12608312508615194,-0.2601476204681778,0.024819710008212502,0.11687512444855153,-0.039050191226869056,2.2724164198094163,-0.07262883066511379,-0.18966524980965258,-1.6124791532239853,0.6096982273982501
-0.0447845512059121,-0.015861425608499367,-0.013042956974762992,0.024101250871640147,-0.08711247462825726,0.011772636074579955,0.026672040991741346,0.013850322437321934,0.07698345100705493,-0.07465105017850802,0.03527180822079647,0.045938656251113104,-0.0016057550046795607,0.021608541734216755,0.0738678534048238,0.027087172647348962,-0.04348825387601348,0.03245149049881597,-0.035644143847017196,0.01129265928740414,0.004115977461506287,0.006162009897011863,0.06617406011536188,0.011192328673829384,0.05818429005585474,0.049394183024780915,0.0069632884009525105,0.01203267590162991,0.07473815489341047,-0.04037817494378921,-0.04479321793810216,-0.04749113397264374,0.012235748678751907,0.09024051926399848,0.023067156277761444,-0.00855206115489833,-0.07425049921504374,-0.00770536628839085,0.06293190438835183,0.04107924211978768,0.007554946624604001,-0.0014652018361805271,0.02042331311115969,-0.0029560486085037393,0.00500087469748893,0.003878233317974106,0.007104010381275749,0.0114370548487694,0.12304171745950562,-0.014728197827734784,-0.0029745125608841945,0.01614069847595567,-0.028118585310401276,0.016402707288141274,-0.07262883066511379,0.32865176582593597,-0.011656734743214728,-0.09113037095620982,-0.11175404748335697
0.04221272072713561,0.03431845088915387,-0.10231392245744368,-0.09977092431930974,-0.05438714799281047,-0.008388433637430883,-0.11768291128714957,0.020224557823629162,-0.03968755046298403,0.10340114264844065,-0.019317185235733787,-0.055264440303865243,-0.05097886975037681,-0.041213399839093584,-0.1172500104694799,-0.06426140332344114,0.00681163013357178,-0.09218238137078279,-0.007447778488708676,0.1164993636297811,-0.10603257098857732,-0.11982332560111301,-0.25969169459945407,-0.038254312814978354,-0.09677394038584787,-0.21072745930671724,0.07068936643627181,-0.05449386861544032,-0.06910862175301202,0.0008093613980213624,0.3982914552104832,0.47503850332956865,-0.3629738124767862,-0.2249946874180175,-0.15685093761671345,0.311595715490847,0.05750333862585191,0.0863083010958616,-0.04869016794701425,0.09210594529362981,0.11179812411610383,-0.0433233854638549,-0.46927614945255575,-0.002772238984970359,-0.2963145283671719,0.07174053203099519,-0.0198550167979469,-0.045584569520160934,-0.2737079871986787,0.008086548978915746,0.08345025360693734,0.017422096908637833,0.08105929396945749,-0.09213621014192197,-0.18966524980965258,-0.011656734743214728,2.032874408366664,-0.7338274656689504,-0.9711516036721553
0.059436737381291405,0.27602049379146126,-0.03571394532826363,0.13656378829356447,0.05875445131759441,0.11213053121305899,0.06577154379520342,0.2126115499869003,-0.08679683449341877,0.0659683450728068,0.10600580461859187,0.06626890464815843,0.06662624806840733,0.13770874511625192,0.005453649597036363,0.1433680882012955,0.13791628419778665,0.35634672379811105,0.1469437376316717,0.018789767348062415,0.0747346673268364,0.037162155327503194,-0.13040713383469144,-0.1650877994115245,-0.01456292193016959,0.19032304383313703,0.09019968986917479,0.04721565410364568,0.11197269008667872,0.031628798048995495,-0.14536471515188018,-0.0777234637878641,0.050664811257158465,0.08812056524248477,-0.19895179013184625,-0.23723325249843485,-0.09932081783805057,0.02050482947743363,-0.11928261957527987,0.06495070928298342,-0.048426414837335896,0.02181627155298786,0.6434790964557685,-0.04120346542911981,0.4486796961965829,-0.008271753465754171,0.005378150470731968,0.0033231864313458042,0.07078904880179365,-0.09514363936390155,0.21165420214078184,0.12478035678558808,-0.2266285443536246,0.016763368991425425,-1.6124791532239853,-0.09113037095620982,-0.7338274656689504,4.822724010584758,-3.0880011535006786
-0.24062544510321263,0.060460096910667276,-0.023817255878500837,0.0004173989450976985,0.013961677302576402,-0.0937491309922123,-0.13691400126575878,-0.1534501799011424,-0.008397075507418939,-0.11869495604033654,-0.1375092743836728,-0.19156032559630118,-0.05523306721614248,0.04930704327372366,0.045627537953949755,-0.0705411761315532,0.058601873978162904,-0.2393403878034541,-0.08008334425677145,-0.24052813827765526,-0.019167128967688223,-0.009322764492164673,0.24824920513452,0.16212916628370744,0.014015436711156801,-0.04707117496372211,-0.19454247942318545,0.18984206712943064,-0.09988783483676965,-0.0028250263933542337,-0.2069697759581873,-0.3282444347935447,0.35649701075916207,-0.008556984558045258,0.18342786701567546,-0.10355658942409002,0.15521122064690385,-0.1441491595499879,0.015531786862151845,-0.1063459555983856,-0.09447809017740254,-0.015207099332111064,-0.18201983124051704,0.10808553105558963,-0.3138590537044372,-0.08823459202908746,-0.05891023713412608,0.06983052038246569,0.15256960585262216,0.0891291709445487,-0.16867508068673825,-0.03302658142596383,0.01499762411285121,0.041028048491127615,0.6096982273982501,-0.11175404748335697,-0.9711516036721553,-3.0880011535006786,4.43855982368251
