1.0358247537684018,0.23237046443348194,0.38572031922607564,0.0647809028968919,0.17043192071329555,0.1360767791522061,0.2307948053064874,0.13007264018445877,0.13368435178474933,0.15109814432600846,0.1286792121356801,0.16367049272417794,0.09142089356118492,0.1514327559955252,0.1401682568847159,0.12864450213609574,0.10100428589904469,0.1666520641982383,0.12021209304205924,0.09818985478954154,0.1199571820429984,0.13991262416610706,0.08212441053826719,0.06259555282737346,0.15584615717948858,0.11727032447399655,0.11903698470132976,0.07396256645877557,0.14269994930388494,0.08108529916038852,0.13102475908511618,0.12953602785405172,0.08960172313758809,-0.06739950035200241,0.07016526529502691,0.14202291676520265,0.09163669069567751,0.09160179240911295,0.1200913515618672,0.04464267297115266,0.10489980555983584,0.0944115309550068,0.08860246772483836,0.03160336093029182,0.12257701260739834,0.17129617174978648,0.11830893262692839,-0.017836618090045497,0.04771444610515215,0.003998128636053779,-0.009272366181436887,0.004162514347393327,0.008992503867343845,-0.009529446468218062,0.13151537992291537,-0.012486580948867497,0.0974113395598869,0.07885106590000499,-0.2815134065069355
0.23237046443348194,2.2449201626153825,0.819751736668309,0.11291978972213332,0.12766971389950382,0.2538157776738053,0.21470270747280149,0.2657817035856821,0.2512415463148547,0.2388109728587618,0.23028927261874607,0.21647211387605303,0.18549310723520807,0.16635935912405522,0.3208299396595428,0.17133715557461893,0.2414072046776285,0.3478400190485491,0.17119960080952815,0.3530086135475352,0.26787344284118586,0.19950310819994468,-0.019199379345888105,0.13190872719012126,0.20202707591017868,0.2643881334192632,0.22669640806462385,0.23451319919823851,0.3818570114184842,0.06593456543133973,0.2247385953142948,0.14949287908155567,0.23502411446936586,0.28355570246172895,0.13335591593345578,0.255458147681875,0.5035817751138254,0.21319883059654995,0.16694103299097457,0.047016447300294494,0.19241276919579245,0.2322457710320351,0.24004479695981443,0.05636347619808331,0.30925190271588465,0.27263730718127205,0.20299313216705503,-0.008550797853534065,-0.03883610772552057,-0.024506760907928513,0.1689174757712859,0.1002528697994234,-0.0957489251782566,-0.20172377534438465,-0.38422040768121407,-0.11335844067483343,-0.3481696841241133,0.3683327713017027,0.261804308890308
0.38572031922607564,0.819751736668309,2.183763115353635,0.15831652263710153,-0.04606920224871989,0.35435895337818113,0.2186659654971815,0.3643033038270508,0.4341883498037646,0.40198902074208903,0.2856987042648922,0.2776576955656712,0.20592834381794237,0.19819198571855529,0.3171805653167576,0.17319727288182127,0.32486917745993527,0.3149423395120528,0.24165267500690973,0.2982614355844609,0.26635517876795833,0.30634095232984254,0.14121371836860938,0.22451211305185795,0.26010137250642085,0.2818074929272929,0.22792547598230706,0.24889125781538085,0.37174830043707,-0.09799357272784583,0.28126284562299947,0.21642717430175365,0.25427775000789216,0.3445859355100831,0.1808483381079092,0.41792215664744564,0.4254939562379295,0.21997261778479643,0.2233071477347506,-0.11541013579499441,0.1884189590449741,0.2450417889179767,0.1793812019984872,0.10060838591517753,0.31479026586661185,0.4849011064214602,0.1938035850162654,-0.07271945104649946,-0.27104357257954637,0.11035408900488083,0.050219137671537746,0.18570862472660968,-0.09828462356139621,-0.25077891881569175,0.05478777482375429,-0.009958495114089144,-0.05950491763163486,-0.19155088305842796,0.06315335086707968
0.0647809028968919,0.11291978972213332,0.15831652263710153,1.244966779316612,0.4099757205299784,0.31113701908612557,0.3050743275933639,0.274816029873022,0.16174919266007393,0.20171358464743008,0.22947886814930038,0.29339394595215856,0.1869595219414826,0.2679511789688337,0.20479157842730247,0.2799005150612029,0.22409257343989858,0.22420865695825146,0.22318173400962413,0.21176420720878356,0.19442423033294,0.22866370326132254,0.17838503607339143,0.19322966213159345,0.21322657217861957,0.2315313623789191,0.17909553423282312,0.08971436970217045,0.2603404724156018,0.10229203269549009,0.17296627727487482,0.22369192223247142,0.17140509151775626,0.32311867883724216,-0.00036011372551954365,0.22180195723401921,0.26155269464163905,0.1468493354356272,0.2292727742393979,0.056090545351855654,0.13379245575806845,0.18689858640207907,0.23599359027123076,0.11537438320762798,0.1020865683286549,0.1711650712279541,0.21059661757173,-0.007487516985605517,0.1193079096827721,0.13680776767828162,-0.09708312754270247,0.03268216102481567,-0.02655586028805466,-0.11725306215925892,-0.04682704104411383,-0.015359163505766988,-0.19482797393811124,0.23751586826141993,-0.07659698435919728
0.17043192071329555,0.12766971389950382,-0.04606920224871989,0.4099757205299784,1.0833578523754521,0.26523533566076,0.2293176509463267,0.2544707562191442,0.13863218911527664,0.1647807155635676,0.19816832816237517,0.24163834717659313,0.19016653528049954,0.2217930664239586,0.20792940760767203,0.2588458872141728,0.1708589505878845,0.19267704391523469,0.39057163465469946,0.17167034804708473,0.17033460960160007,0.20368647517535832,0.14116366722779702,0.16392618639901566,0.17159887335856758,0.20269989630417645,0.14443414040855024,0.04401964130005044,0.22518115012820203,0.07355065118874606,0.16635653942299816,0.20593008917461625,0.13243804724059288,0.29170132723998254,-0.010683983140795205,0.2028827282253101,0.2460023999187993,0.12114841621362861,0.21520915972250176,0.09056484525477945,0.14063872051214749,0.18073537559301575,0.14579926711218075,0.07516376520765168,0.0307918181735166,0.14099589582718475,0.17213280881164073,0.013004001339656561,0.19921161705599458,0.1864538360916008,-0.06455016767683358,-0.14352539234177128,0.049800567242629205,-0.02676129950068086,-0.07993132427722217,-0.0635082179121102,-0.09223949742675358,0.13202553177822796,0.05583101730210078
0.1360767791522061,0.2538157776738053,0.35435895337818113,0.31113701908612557,0.26523533566076,0.7995267409654956,0.15851848701128707,0.34395368331953696,0.24666071189642177,0.18898536004701894,0.2700869673753865,0.27659736250235256,0.1931446669723327,0.2548903695389764,0.24575887925202933,0.2523823094353177,0.2715942639022264,0.2230292190873626,0.3680589415512106,0.320571832696574,0.23216920557522006,0.2738078239064255,0.1011945937214874,0.2043372950743791,0.25706917143323776,0.29613502295079486,0.22643138257094714,0.16033239360695695,0.3888870097138274,0.0970894097989265,0.21219134231763362,0.264137586568666,0.09533851303650175,0.3318115672267053,0.13979310769622535,0.19417648672858906,0.31149144849391797,0.2076433945582285,0.2753497831691949,0.10382204453502804,0.10430709476314329,0.2133308024185896,0.2963590947289887,0.10198480753153477,0.2212287790098334,0.18364311651841472,0.2694330544471068,-0.0027988151925649185,0.24375944880775852,0.19067522397087802,-0.2697520577983696,0.08965123811664696,-0.11352973662744481,-0.027187615756878145,-0.06378922607189028,0.0022702671586889737,-0.02906498761639602,0.21093521137565802,-0.16926277965163092
0.2307948053064874,0.21470270747280149,0.2186659654971815,0.3050743275933639,0.2293176509463267,0.15851848701128707,0.7060897162757389,0.1469249849049602,0.27004762957083656,0.17273482993508954,0.2176296134063435,0.31120978273862937,0.1606636432048606,0.16609437249206388,0.1331480096494669,0.2255767330123472,0.21870043912483553,0.21535987630248257,0.13442849114821978,0.16197505568263032,0.19039720548773273,0.253341677890984,0.17967955709371908,0.16814767361728764,0.2000617081562523,0.20502440146015705,0.18486315322556215,0.0978479752526976,0.21341462932257202,0.09718831936934663,0.17469670816606808,0.18821060305180026,0.16429498288396263,0.25379933679056355,0.06813362481433494,0.2350884065964619,0.19590783343218035,0.11657451223091393,0.21831518058447452,0.06503430576280053,0.11602471772876632,0.1768374510813383,0.19219920055102988,0.0729084660842147,0.10298589122307059,0.1786635324072679,0.12849412941668958,-0.019688216892902406,0.21111535294341913,0.0012576344294491703,-0.049728996840029786,0.0024883473539624697,0.007603919765512992,-0.09474467017206546,0.052688035623772035,0.06983878769518825,-0.04088448871851563,0.11006723944631282,-0.24949397422009978
0.13007264018445877,0.2657817035856821,0.3643033038270508,0.274816029873022,0.2544707562191442,0.34395368331953696,0.1469249849049602,0.8304165181560516,0.104399659744984,0.24485144060427427,0.280216205145104,0.15422802953276005,0.2197849140714684,0.2501385113787349,0.1750886063493582,0.2245359156915716,0.2625295062752136,0.2716196555587331,0.2520350933635579,0.2887899906342987,0.18541868604474832,0.19699093636978862,0.128327627029019,0.16889285054762712,0.24034967321416076,0.2912158670658674,0.20901610117761316,0.10766814807213228,0.2671964263406407,0.12895699481747191,0.19422146930204648,0.21290048742416917,0.11811038546412968,0.3112262069372437,0.16706278387939305,0.18977143623077783,0.2931656298478896,0.1759392504384447,0.3071092656474262,0.11683512670886927,0.16182353167947558,0.18577468838904931,0.2825026601816844,0.09342469231714778,0.1986256943878686,0.22005904039861496,0.29004723427724377,0.010207280873025798,0.20991137908345447,0.1255922982849869,-0.04725922885272993,0.01109526691616346,0.0489325091858096,-0.11488670548675356,-0.0684492541110238,-0.07550216611086566,0.016261433224733113,0.2921374851494572,-0.18894507014287287
0.13368435178474933,0.2512415463148547,0.4341883498037646,0.16174919266007393,0.13863218911527664,0.24666071189642177,0.27004762957083656,0.104399659744984,0.794006050117931,0.1492660579694722,0.15882924301002072,0.18668546339697537,0.1429567003137108,0.18498058785765842,0.1404540496311291,0.1432167281706202,0.20094693950497788,0.20054929615486033,0.1527040867654954,0.16113751990742697,0.19602258011171433,0.36650265726716613,0.17429243936086417,0.1947713859143478,0.13525924912366885,0.2691746244652373,0.17016267821541894,0.1338710124756916,0.17915966242624717,0.07618793756009648,0.2005412586446282,0.19657959438345166,0.2136927155684785,0.218108538250851,0.08696034382352645,0.24071536757150067,0.21124705028065574,0.13130620027165216,0.19976295290257226,0.043199260978464785,0.11744694720576158,0.1747916482301217,0.1837563435511969,0.08011034477434198,0.09680347127521349,0.21563307628578698,0.1590648289577677,-0.04525402429013766,0.2252451388371127,-0.007570685346002885,0.009034661856427118,-0.006834535409614865,0.04444656427246099,-0.11256953433507778,0.0597517669761808,0.12564745927014356,-0.02365444958416997,-0.05642431375000317,-0.14069406796721926
0.15109814432600846,0.2388109728587618,0.40198902074208903,0.20171358464743008,0.1647807155635676,0.18898536004701894,0.17273482993508954,0.24485144060427427,0.1492660579694722,0.7600599378114578,0.20135608550314774,0.2206646212335158,0.16173161463911767,0.1711917077292928,0.215008250918268,0.1802657074436838,0.22672792079081508,0.26184434311788884,0.16703339209453794,0.1627239003718009,0.14976728126052274,0.18650942632611536,0.17332872855803325,0.17064334058679123,0.20505593884687792,0.16345445021425103,0.1864564361550069,0.13803563259539442,0.2470155085848656,0.13378451490571916,0.18987652117666234,0.17921426596341458,0.10740032879062845,0.3158671227089604,0.18055275237478816,0.24423570260710362,0.26013555483156503,0.11466675542708474,0.21857637534693738,0.07054940114418402,0.20856923947865946,0.15615309965412855,0.16699401849922318,0.08367601237212384,0.10084425596264343,0.22725258287307995,0.2682047619902243,-0.005599706875794225,0.1194928975507462,0.036072630280156705,0.004013301535190883,0.030315677358472928,-0.020156880827206906,-0.050473785440226716,0.06147568130112607,0.03613687248246984,0.04598869182489209,-0.13287306375369295,-0.035470916981816515
0.1286792121356801,0.23028927261874607,0.2856987042648922,0.22947886814930038,0.19816832816237517,0.2700869673753865,0.2176296134063435,0.280216205145104,0.15882924301002072,0.20135608550314774,0.5397151753982573,0.29582039450087166,0.2074297056693432,0.19320340524254992,0.2606272862250343,0.22548147405344576,0.27997363580648815,0.2163688517161682,0.1716784282645039,0.2865404821037556,0.2020446267712668,0.1979111697855407,0.1368357222565332,0.18559127066923253,0.21612533666546893,0.23940335181266761,0.21564487703436086,0.13121935751967698,0.2657882075830391,0.11616947191661409,0.20376408328917087,0.19780626869305482,0.13757285986837609,0.26429722968676284,0.18565875260909623,0.237044683234524,0.2428141164801299,0.16858823924084473,0.25943741385189006,0.11445372687975626,0.15596600165203117,0.20062678906772544,0.2147387827231882,0.06691006949979571,0.16676502182654626,0.21907239749140264,0.21629767707967273,0.0028582721559039276,0.10129039679536525,0.032969611229548855,-0.048961700782448186,-0.019051776139774258,0.08725076021208848,-0.05793674116581519,-0.05154100730854434,0.01580892501536066,-0.046347638043739946,0.14247694798123203,-0.15720759004461102
0.16367049272417794,0.21647211387605303,0.2776576955656712,0.29339394595215856,0.24163834717659313,0.27659736250235256,0.31120978273862937,0.15422802953276005,0.18668546339697537,0.2206646212335158,0.29582039450087166,0.6718173756993794,0.16505175016483656,0.22671113155649125,0.23943716889005295,0.2689007416008665,0.25173260944217885,0.1972394041357162,0.1981221319900019,0.2206100744314401,0.18485251758535381,0.21891614074573346,0.14790545256423895,0.1712182792848405,0.26175075776669077,0.23860482740235697,0.2584171887631458,0.09202695555289735,0.24826799922309672,0.07684312288695072,0.1829227842156503,0.25054866247997004,0.12010920934036134,0.27430436262949087,0.1356370770948585,0.2595019558238735,0.14856138963518276,0.14580394642291644,0.22204790798000365,0.1000721600321562,0.12564906288446676,0.18203369304550474,0.20359510517661558,0.05612138837171041,0.13925660050071872,0.1973793863024915,0.18226914652655035,-0.0037963006624166197,0.2088663814862502,-0.09817216841738949,-0.02654430394780948,0.04412190127358765,0.031088232305896715,-0.04310772744453347,-0.04882390195779493,0.09322077596664054,-0.032520496902016895,0.16695171928262612,-0.3234747506116291
0.09142089356118492,0.18549310723520807,0.20592834381794237,0.1869595219414826,0.19016653528049954,0.1931446669723327,0.1606636432048606,0.2197849140714684,0.1429567003137108,0.16173161463911767,0.2074297056693432,0.16505175016483656,0.3990891397141052,0.16479779130798702,0.10450252550476789,0.18275125171976703,0.17399053426077202,0.1529839754121314,0.15762113544088752,0.15739752148213484,0.14353217057987164,0.1976010038137295,0.11289604066223666,0.15069625702186465,0.15351083450536443,0.16422567049683998,0.16659449792312211,0.10548971519410945,0.22668928142852376,0.10213556560424408,0.13136401673594478,0.16794349840386863,0.1214418821424133,0.20866782264584638,0.13689637081920683,0.18081319825016645,0.17368814451191078,0.09845883538141899,0.19214890131897414,0.07164199721076389,0.1288898431452324,0.14109657190726832,0.15380805448392584,0.07749422151270963,0.03600640374936796,0.1637582893791273,0.15774641865301103,-0.009420063059901057,0.14916118500642708,0.06814806392342627,-0.03162071582669804,-0.03523674296773774,0.03318261493807556,-0.05378349862181763,-0.02036064145991757,-0.02651068308618999,-0.06630555321720957,0.008862571770366572,0.057249406925907395
0.1514327559955252,0.16635935912405522,0.19819198571855529,0.2679511789688337,0.2217930664239586,0.2548903695389764,0.16609437249206388,0.2501385113787349,0.18498058785765842,0.1711917077292928,0.19320340524254992,0.22671113155649125,0.16479779130798702,0.5432001116281588,0.2193713399613007,0.3042826220540801,0.2054899733111114,0.1630334402699679,0.188494882738058,0.226976405013409,0.1804468519725656,0.2418434825027611,0.13481171082427515,0.2024313738645032,0.2124410035264534,0.259196634208833,0.1894497312686241,0.12941088736550085,0.24972926444608615,0.16178063199302484,0.178291697194636,0.3427472808653354,0.1217837025703998,0.23316356505454583,0.15276646016477652,0.22063758446810364,0.20676606160668698,0.15754201568656465,0.16894598603137373,0.10235177094051805,0.20240471748862973,0.18446217158624892,0.22679786384802084,0.08098538137006592,0.10479896260325162,0.17554013448325476,0.23217748950205527,0.0026202744686321137,0.3196707010961644,0.06609126181181807,-0.033874098921031465,-0.033002470841352424,0.023398037205242007,-0.01897058570627013,-0.12336007686840311,0.0018821747858457107,0.0022270492615444324,0.17996947549678752,-0.11140871610809477
0.1401682568847159,0.3208299396595428,0.3171805653167576,0.20479157842730247,0.20792940760767203,0.24575887925202933,0.1331480096494669,0.1750886063493582,0.1404540496311291,0.215008250918268,0.2606272862250343,0.23943716889005295,0.10450252550476789,0.2193713399613007,0.8289535956634468,0.18913644980907118,0.23392941366223663,0.2528218956324502,0.19415524634299247,0.2712868700657741,0.20867669068576414,0.14313287786488824,0.17294076885517567,0.19776217397503268,0.26309579707626085,0.20627447401813373,0.18569066980060267,0.21681940030596222,0.2899053115833588,0.18641076174037374,0.21592629507382702,0.18235276395219507,0.17347424858818258,0.27573727478829324,0.16327217137860742,0.2357929431486658,0.34784719077192905,0.1532416776869421,0.20031393546913437,0.06403882557634777,0.20831733152426343,0.2052471781482672,0.2392352363612288,0.07321423444953747,0.14016877022974086,0.2135541901781048,0.24716619652597988,0.016571604695916814,0.1210176905843465,0.14048079932373506,-0.13733664524533595,0.21349406871277016,-0.16997705921791922,-0.0852220751960696,-0.020227643159933088,0.07976789412365481,-0.1365762073773379,0.08365476880353742,-0.02464108308131745
0.12864450213609574,0.17133715557461893,0.17319727288182127,0.2799005150612029,0.2588458872141728,0.2523823094353177,0.2255767330123472,0.2245359156915716,0.1432167281706202,0.1802657074436838,0.22548147405344576,0.2689007416008665,0.18275125171976703,0.3042826220540801,0.18913644980907118,0.7080748016292572,0.2685113091807165,0.21348269361934002,0.2286479455569193,0.1968391245971504,0.193405430077448,0.3523265179409868,0.1484020542595312,0.1931383357048937,0.2416221826461981,0.19814672992323992,0.24588671501148895,0.17439000978053576,0.300492683295177,0.18217023088670442,0.18744348019396603,0.27058600827824186,0.11514874935170105,0.28408994816670374,0.2472342982434873,0.2338854464784665,0.23651753135320294,0.1434360344668342,0.2381346908322707,0.14097288165941446,0.2034652655983509,0.21977964209832285,0.3006985610463556,0.10102553618893625,0.1280175070841515,0.18166442457627685,0.2490146764377115,-0.02762208249399424,0.2948070575989118,-0.02434304174228444,-0.051204178124813156,0.006247942221030024,-0.006374023562752507,-0.034108319837547044,-0.07939151139908605,0.065192433080264,-0.11350367820717636,0.26235702051036325,-0.18412296097103004
0.10100428589904469,0.2414072046776285,0.32486917745993527,0.22409257343989858,0.1708589505878845,0.2715942639022264,0.21870043912483553,0.2625295062752136,0.20094693950497788,0.22672792079081508,0.27997363580648815,0.25173260944217885,0.17399053426077202,0.2054899733111114,0.23392941366223663,0.2685113091807165,0.7437255258213842,0.18873717008189275,0.2064368475840218,0.35095498973192196,0.2458635596026255,0.2687906977316186,0.11500819097496956,0.2068885399972166,0.2620051087714949,0.19688575111312537,0.2339606505171808,0.3003917537573006,0.27873839839339765,0.1579545678921371,0.24803525034870394,0.1985003149141619,0.240072450178617,0.2783706538815933,0.24192926690581357,0.2773993754692933,0.43306153387546986,0.21980249428539594,0.28966245697911314,0.12659539925256402,0.2141713736195916,0.27360497643931075,0.29056451159975594,0.09545139871537942,0.30442713037118807,0.2436981556279434,0.28317540412239106,-0.00010819599324420741,0.11205710830982885,0.18404444634199144,-0.0358917016157277,0.007841985200487532,-0.07123676373929402,-0.08525012586567453,-0.08955623405758713,0.01181618856060781,-0.08305257656313447,0.13196363234725908,-0.13236779546584482
0.1666520641982383,0.3478400190485491,0.3149423395120528,0.22420865695825146,0.19267704391523469,0.2230292190873626,0.21535987630248257,0.2716196555587331,0.20054929615486033,0.26184434311788884,0.2163688517161682,0.1972394041357162,0.1529839754121314,0.1630334402699679,0.2528218956324502,0.21348269361934002,0.18873717008189275,0.8989933397700925,0.20142301702782758,0.0532112169225257,0.23221746040800004,0.24246746943824837,0.3788552529996978,0.16356121315756336,0.23716298244305173,0.2866818687899497,0.12579624641918277,0.17026439321757908,0.278864257302727,0.05422611513494966,0.3100362644604198,0.17325888572089487,0.19025840513576248,0.2914956172795232,0.09311927067832435,0.28573968588096926,0.32626724439010857,0.08439901481549471,0.1901752889962228,0.09811969193034319,0.19470700740142208,0.1802807990874385,0.31479028815591903,0.0856647363319619,0.2382832874952541,0.27484782230173743,0.3954885550976778,-0.027395422550882932,0.03953875665887232,0.15887227310924093,0.17461330964330404,-0.021482356471913402,-0.19900757588743076,-0.1614231111108863,-0.00879742791881145,0.0650683518407435,0.02888715470797674,0.2415508527148801,-0.3534517651921773
0.12021209304205924,0.17119960080952815,0.24165267500690973,0.22318173400962413,0.39057163465469946,0.3680589415512106,0.13442849114821978,0.2520350933635579,0.1527040867654954,0.16703339209453794,0.1716784282645039,0.1981221319900019,0.15762113544088752,0.188494882738058,0.19415524634299247,0.2286479455569193,0.2064368475840218,0.20142301702782758,0.8126438677599338,0.16345581324768835,0.19673833271900573,0.22057705462477345,0.013042872399863322,0.15635111778072078,0.17509694272655807,0.14289798640447166,0.15036436443375956,0.19523009013057077,0.2003981991291843,0.09629120101914156,0.20937893958647655,0.19671056950718577,0.18119093531582392,0.21696370153811262,0.057019174352233436,0.21016876243190555,0.24742948399487932,0.1380429715429099,0.2312578537328241,0.07130493561474298,0.13350710955312345,0.17353939426806944,0.1776217670699338,0.06671096319115395,0.15178279919915982,0.19176702037327872,0.158959399822143,0.005520150536466794,0.085872882507701,0.1139514536978719,0.09413536238138252,0.17676974087687838,-0.21946923778745764,-0.12515401968647033,-0.05168756311221345,-0.002013301974639945,-0.024567250078547417,0.11954770229253678,-0.06692109478274738
0.09818985478954154,0.3530086135475352,0.2982614355844609,0.21176420720878356,0.17167034804708473,0.320571832696574,0.16197505568263032,0.2887899906342987,0.16113751990742697,0.1627239003718009,0.2865404821037556,0.2206100744314401,0.15739752148213484,0.226976405013409,0.2712868700657741,0.1968391245971504,0.35095498973192196,0.0532112169225257,0.16345581324768835,1.1838012521117511,0.19300235549599853,0.1467319921108481,0.036610676828138934,0.25500537840736465,0.25187077391973567,0.2547104575539497,0.32069426821688085,0.24026722131843428,0.35846265918327974,0.33367936260826103,0.27034443243863465,0.21663277927760527,0.20668487463116608,0.34620267010513467,0.2379927160007605,0.20459915174079557,0.681091085235527,0.5304465808030014,0.3756385877696283,0.2305599419713598,0.22230460761139859,0.26343121228947997,0.48965732814630913,0.07318955580116109,0.5156609230224641,0.2655727304034595,0.2543347206211429,0.08889809828052658,0.3374048845147945,0.03991889516853785,-0.17840779760065073,0.15345279743982304,0.058061498027098,-0.11865341419703249,-0.04659648879452956,-0.03368691505015422,-0.06279219523845109,0.09477459948652966,-0.022534915629852027
0.1199571820429984,0.26787344284118586,0.26635517876795833,0.19442423033294,0.17033460960160007,0.23216920557522006,0.19039720548773273,0.18541868604474832,0.19602258011171433,0.14976728126052274,0.2020446267712668,0.18485251758535381,0.14353217057987164,0.1804468519725656,0.20867669068576414,0.193405430077448,0.2458635596026255,0.23221746040800004,0.19673833271900573,0.19300235549599853,0.5515100710776306,0.20737013818167715,0.14807338371421855,0.18250827970942987,0.1874332339809032,0.19109461575130107,0.16190993955015434,0.21150422829029145,0.22895782645506196,0.19947377267860436,0.2697797753104298,0.18821225329219052,0.22532455438835633,0.2137495249431255,0.19697193654605816,0.29743178497460837,0.32454380817976436,0.16222416585020544,0.2671004516712603,0.15039848617896548,0.24805755482466751,0.3694835448099439,0.2909588203998665,0.08544520669278649,0.382107841752315,0.20087959607737826,0.27106461475188304,0.014348580573469083,0.022564191564972733,0.10920113671135849,-0.02525102776880677,0.020578563471342712,-0.05186961445634087,-0.07345534578765815,0.025994593509945634,0.0029961808885424503,-0.10651893625295678,0.08240093279051744,-0.043695349006562446
0.13991262416610706,0.19950310819994468,0.30634095232984254,0.22866370326132254,0.20368647517535832,0.2738078239064255,0.253341677890984,0.19699093636978862,0.36650265726716613,0.18650942632611536,0.1979111697855407,0.21891614074573346,0.1976010038137295,0.2418434825027611,0.14313287786488824,0.3523265179409868,0.2687906977316186,0.24246746943824837,0.22057705462477345,0.1467319921108481,0.20737013818167715,0.8458498298167544,0.23863274778057425,0.209688024325684,0.19313943853390325,0.20850174590162335,0.21931667609040575,0.14596911457779202,0.3187656352324029,0.15407990208478536,0.20164690907397775,0.2758683124016694,0.19414858769296586,0.29407560877682926,0.13751431517985058,0.29176852474730836,0.21971923334871393,0.1527102654250927,0.27421032946190044,0.093948302531881,0.1862048634683851,0.21373325238448262,0.2875808500009883,0.12994579810868753,0.026901869960101393,0.2625946220541142,0.24008876051208033,-0.14605966531399225,0.49251252896217224,0.023551411759887182,-0.025993274191893987,-0.0875672369908884,-0.008860175209197194,-0.0657951421887777,-0.025728798174035897,0.07447672396496317,-0.06160891819839087,0.11517515040356366,-0.16701311534180818
0.08212441053826719,-0.019199379345888105,0.14121371836860938,0.17838503607339143,0.14116366722779702,0.1011945937214874,0.17967955709371908,0.128327627029019,0.17429243936086417,0.17332872855803325,0.1368357222565332,0.14790545256423895,0.11289604066223666,0.13481171082427515,0.17294076885517567,0.1484020542595312,0.11500819097496956,0.3788552529996978,0.013042872399863322,0.036610676828138934,0.14807338371421855,0.23863274778057425,1.3290745546036462,0.2826023247345729,0.3365698372865435,0.0039989482480075386,0.09799950483453844,-0.11760836756975854,0.3798628865953865,0.2839496112807912,0.022383020468774568,0.11445860364529702,0.1636471551789949,0.3115724613304296,-0.06739731594671632,0.4339277913018097,0.18778557540702331,0.02368940049343562,0.32775129199171216,0.09819401596476579,0.2078746613535237,0.12893765985088348,0.22440724919825442,0.2337875752480482,-0.10059742537293245,0.28276828094656886,0.31884749074988455,-0.005447509480917383,0.1553055314383013,0.006694649373809226,-0.00033632368954603607,-0.11549297579259399,0.1181167024612916,-0.06010941318652723,0.0003706129551138135,0.034944467478820164,-0.027192958606496793,0.017296299126441685,-0.061205726152447244
0.06259555282737346,0.13190872719012126,0.22451211305185795,0.19322966213159345,0.16392618639901566,0.2043372950743791,0.16814767361728764,0.16889285054762712,0.1947713859143478,0.17064334058679123,0.18559127066923253,0.1712182792848405,0.15069625702186465,0.2024313738645032,0.19776217397503268,0.1931383357048937,0.2068885399972166,0.16356121315756336,0.15635111778072078,0.25500537840736465,0.18250827970942987,0.209688024325684,0.2826023247345729,0.6523503097335732,0.23821794062738313,0.11571395784410753,0.17636302340313503,0.2042116606022091,0.23544745719522076,0.39931358127561023,0.23953939778448632,0.24197994721616287,0.36596072791646334,0.17085598597767168,0.15631118077241316,0.34210201422959763,0.3329684457098282,0.17903861884575192,0.2394081328774378,0.07967873711870918,0.20194771872190542,0.19757760186498594,0.22224532181956683,0.11760891395580429,0.08874649259587421,0.2335742291495639,0.28508764157188926,0.010370486172440303,0.24198905600474285,0.0371647728169737,-0.10060314683947719,0.05047083956740446,0.05315631039767816,-0.08565478908389138,0.007369667584773888,-0.011569633516564645,0.04770020152009448,-0.14101627731190552,0.06598005035931445
0.15584615717948858,0.20202707591017868,0.26010137250642085,0.21322657217861957,0.17159887335856758,0.25706917143323776,0.2000617081562523,0.24034967321416076,0.13525924912366885,0.20505593884687792,0.21612533666546893,0.26175075776669077,0.15351083450536443,0.2124410035264534,0.26309579707626085,0.2416221826461981,0.2620051087714949,0.23716298244305173,0.17509694272655807,0.25187077391973567,0.1874332339809032,0.19313943853390325,0.3365698372865435,0.23821794062738313,1.28802817335872,0.13816319685488432,0.22109483666216317,0.11134651715835785,0.5696787067170598,0.3130836972724478,0.17542267188066135,0.2046830477434331,0.1156189397587344,0.4372864633237863,0.2476925372443671,0.3057264837600206,0.2859994717217244,0.18124789967717586,0.302642602375373,0.08971286922823178,0.18792126177663587,0.19799621645363444,0.2976986708998719,0.12875986093548525,0.17241284491823394,0.33461399905742584,0.316181943521044,-0.03641430219447032,-0.05523183232282438,-0.34930172096712964,-0.11769272226578124,0.15524215036323558,0.1469246988918838,-0.04730293800691598,-0.004950736180669418,0.03523494600408603,-0.00950986813562153,0.0879011817853103,-0.15571828710806382
0.11727032447399655,0.2643881334192632,0.2818074929272929,0.2315313623789191,0.20269989630417645,0.29613502295079486,0.20502440146015705,0.2912158670658674,0.2691746244652373,0.16345445021425103,0.23940335181266761,0.23860482740235697,0.16422567049683998,0.259196634208833,0.20627447401813373,0.19814672992323992,0.19688575111312537,0.2866818687899497,0.14289798640447166,0.2547104575539497,0.19109461575130107,0.20850174590162335,0.0039989482480075386,0.11571395784410753,0.13816319685488432,1.4849287117312049,0.20647756984961252,0.20447650381233914,0.0017452242581649958,-0.20486938504164165,0.22362941555475047,0.3131642828731599,0.09075065118482449,0.2717514518302627,0.24008905536599226,0.1600653588126987,-0.0049033348077533265,0.17082549112969903,-0.2889735441185057,0.10322671663150856,0.24704686892064517,0.23774452681989605,0.30095602546371414,-0.0003790746496911822,0.15357957036346123,0.10175546026488398,0.07205453523026602,0.0316172156258879,0.28703242414717395,0.19587238671660642,-0.1158928838960792,8.961598399865688e-5,-0.17495892783444766,-0.01470658116992642,-0.10328160910165114,0.019910254382351514,-0.08099951975001622,0.2677455893943735,-0.1781726834338875
0.11903698470132976,0.22669640806462385,0.22792547598230706,0.17909553423282312,0.14443414040855024,0.22643138257094714,0.18486315322556215,0.20901610117761316,0.17016267821541894,0.1864564361550069,0.21564487703436086,0.2584171887631458,0.16659449792312211,0.1894497312686241,0.18569066980060267,0.24588671501148895,0.2339606505171808,0.12579624641918277,0.15036436443375956,0.32069426821688085,0.16190993955015434,0.21931667609040575,0.09799950483453844,0.17636302340313503,0.22109483666216317,0.20647756984961252,0.7846844354176354,0.20531787676859706,0.18774951821613928,0.16167280296110664,0.21610169257241876,0.2414980644596873,0.19759644853145997,0.23786014099724334,0.21368099104600613,0.3081354361114411,0.2734507861426213,0.18933634438246105,0.19547193369078508,0.13775407805594994,0.19463734465227703,0.1954144395840921,0.36498419174115065,0.0395871786248713,0.15728418845942396,0.22575761378840162,0.1747918947101286,0.012398355627727915,0.28409698509844755,-0.021733545303526957,-0.10583507499329076,0.09694635355829427,0.015240119178153084,-0.027688662610666617,-0.007987530604634186,0.04869450187748798,0.024873983573009045,0.11000785570391007,-0.1803520200811142
0.07396256645877557,0.23451319919823851,0.24889125781538085,0.08971436970217045,0.04401964130005044,0.16033239360695695,0.0978479752526976,0.10766814807213228,0.1338710124756916,0.13803563259539442,0.13121935751967698,0.09202695555289735,0.10548971519410945,0.12941088736550085,0.21681940030596222,0.17439000978053576,0.3003917537573006,0.17026439321757908,0.19523009013057077,0.24026722131843428,0.21150422829029145,0.14596911457779202,-0.11760836756975854,0.2042116606022091,0.11134651715835785,0.20447650381233914,0.20531787676859706,1.2278586645350427,-0.01592052242805997,0.20938931748010753,0.3166271053400567,0.15537047956958586,0.5219348392283057,0.05828264016071993,0.6548652753671061,0.22967110699400847,0.4420901489917601,0.17350413804119472,0.12936810618251474,0.11410530972240308,0.2425654732741093,0.22149321248597895,0.2770171989721411,0.17810529046832313,0.2168995872567096,0.11748053502172152,0.18648532897715397,0.05405039200257766,0.09162757003715875,0.24486897895581491,-0.08292259765339526,0.5458524656807102,-0.6682480852162892,-0.0787977772883614,0.1124592644376852,-0.02213139081810838,-0.04221448636094045,-0.0784828962147014,0.15200664901057773
0.14269994930388494,0.3818570114184842,0.37174830043707,0.2603404724156018,0.22518115012820203,0.3888870097138274,0.21341462932257202,0.2671964263406407,0.17915966242624717,0.2470155085848656,0.2657882075830391,0.24826799922309672,0.22668928142852376,0.24972926444608615,0.2899053115833588,0.300492683295177,0.27873839839339765,0.278864257302727,0.2003981991291843,0.35846265918327974,0.22895782645506196,0.3187656352324029,0.3798628865953865,0.23544745719522076,0.5696787067170598,0.0017452242581649958,0.18774951821613928,-0.01592052242805997,2.4467679515928173,0.27634735869355614,0.0024913352777274304,0.2706710351746783,-0.049838722545505705,0.5884585512645627,0.09556755482288938,0.47955275675265435,0.019016582268526958,0.08737825083098748,0.3762778217816168,0.1343292306356741,0.2794179371498197,0.16893910832283612,0.1069051967821722,-0.08481916811073063,0.033071165423900706,0.40016254745171836,0.3774027399512451,-0.10417761373819151,0.54385620042792,0.24733192715608293,-0.357499486639271,0.01486593067700482,-0.10972145522086198,0.019218222376936666,-0.13039284806244208,0.01228674790054584,-0.15089464300796246,0.21553826590632388,-0.06354776538342152
0.08108529916038852,0.06593456543133973,-0.09799357272784583,0.10229203269549009,0.07355065118874606,0.0970894097989265,0.09718831936934663,0.12895699481747191,0.07618793756009648,0.13378451490571916,0.11616947191661409,0.07684312288695072,0.10213556560424408,0.16178063199302484,0.18641076174037374,0.18217023088670442,0.1579545678921371,0.05422611513494966,0.09629120101914156,0.33367936260826103,0.19947377267860436,0.15407990208478536,0.2839496112807912,0.39931358127561023,0.3130836972724478,-0.20486938504164165,0.16167280296110664,0.20938931748010753,0.27634735869355614,2.3910037368526793,0.1934577220026026,0.11039862511970193,0.20051437287529622,-0.006316375007297261,0.5011574048390847,0.35305381330482255,0.6007389838645919,0.24117857802141932,0.5328228788553445,0.15735090944875713,0.6032848251414937,0.2295384790670062,0.6492664933823438,0.29291072519123973,0.3466488773659335,0.29139837245036,0.876510031680126,0.05279674818141032,0.4791949754131695,-0.14902139290676233,-0.17124221108507348,-0.15185171396627373,0.2857371771630427,0.019491989411602934,0.033766069228957626,-0.0656016619103396,-0.05722960501666113,0.21489588345080993,-0.13385703666901483
0.13102475908511618,0.2247385953142948,0.28126284562299947,0.17296627727487482,0.16635653942299816,0.21219134231763362,0.17469670816606808,0.19422146930204648,0.2005412586446282,0.18987652117666234,0.20376408328917087,0.1829227842156503,0.13136401673594478,0.178291697194636,0.21592629507382702,0.18744348019396603,0.24803525034870394,0.3100362644604198,0.20937893958647655,0.27034443243863465,0.2697797753104298,0.20164690907397775,0.022383020468774568,0.23953939778448632,0.17542267188066135,0.22362941555475047,0.21610169257241876,0.3166271053400567,0.0024913352777274304,0.1934577220026026,1.110116578620446,0.20648149321414327,0.27856377621459016,0.18455505648217893,0.2424162144525947,0.492790582552096,0.413030889794358,0.2509953612001249,0.23511761824664804,0.09335051319425228,0.2514173495413263,0.25398665019461,0.23843025971811882,0.09649333064042433,0.3158784070752364,0.3006324010234414,0.2672948740860321,-0.012929631882011048,-0.17070050835530332,0.18904375889993968,-0.016623519373499776,0.13364210165661003,-0.14153935050087751,-0.1444850276217813,0.06157119374659361,0.04928143839379425,0.08954677064122765,-0.04564375296104666,-0.15213473898753233
0.12953602785405172,0.14949287908155567,0.21642717430175365,0.22369192223247142,0.20593008917461625,0.264137586568666,0.18821060305180026,0.21290048742416917,0.19657959438345166,0.17921426596341458,0.19780626869305482,0.25054866247997004,0.16794349840386863,0.3427472808653354,0.18235276395219507,0.27058600827824186,0.1985003149141619,0.17325888572089487,0.19671056950718577,0.21663277927760527,0.18821225329219052,0.2758683124016694,0.11445860364529702,0.24197994721616287,0.2046830477434331,0.3131642828731599,0.2414980644596873,0.15537047956958586,0.2706710351746783,0.11039862511970193,0.20648149321414327,0.6828667766849846,0.10330964857694193,0.2678252615806364,0.1212338787881642,0.2695620419931553,0.06370739928488432,0.16962480444900566,0.13777936270562796,0.09360406233787881,0.1828830668285953,0.18406098454443934,0.15945470028382255,0.05463684639194371,0.0842044346450905,0.20629084470737588,0.20783450891860158,-0.019342477634156103,0.3080806763044503,0.05103180132746594,-0.022815662740208832,0.1318412631098141,-0.15976650613500423,-0.002813396296014727,-0.10564298284223926,-0.004668350399804684,0.2364375749620215,0.01490443464631906,-0.21691785595757881
0.08960172313758809,0.23502411446936586,0.25427775000789216,0.17140509151775626,0.13243804724059288,0.09533851303650175,0.16429498288396263,0.11811038546412968,0.2136927155684785,0.10740032879062845,0.13757285986837609,0.12010920934036134,0.1214418821424133,0.1217837025703998,0.17347424858818258,0.11514874935170105,0.240072450178617,0.19025840513576248,0.18119093531582392,0.20668487463116608,0.22532455438835633,0.19414858769296586,0.1636471551789949,0.36596072791646334,0.1156189397587344,0.09075065118482449,0.19759644853145997,0.5219348392283057,-0.049838722545505705,0.20051437287529622,0.27856377621459016,0.10330964857694193,1.7189502998156665,-0.08432874101403723,-0.32385020370271367,0.14721114699561136,0.635185239477171,0.17890322791204855,0.06975874810143688,-0.10432496968495161,-0.10817504783714128,0.23247411312088193,0.2621662440514579,0.14613428503829565,-0.1193309182540584,0.1932488330718285,0.2787355101826639,0.07994582920424213,0.25414671277085116,0.2000110764371015,-0.10707840730166249,0.16000662442079078,0.02240790896793694,-0.3389380153163818,0.025332259664910033,-0.019556370659145877,-0.12256516653841523,0.002819254638898341,0.11087910731876897
-0.06739950035200241,0.28355570246172895,0.3445859355100831,0.32311867883724216,0.29170132723998254,0.3318115672267053,0.25379933679056355,0.3112262069372437,0.218108538250851,0.3158671227089604,0.26429722968676284,0.27430436262949087,0.20866782264584638,0.23316356505454583,0.27573727478829324,0.28408994816670374,0.2783706538815933,0.2914956172795232,0.21696370153811262,0.34620267010513467,0.2137495249431255,0.29407560877682926,0.3115724613304296,0.17085598597767168,0.4372864633237863,0.2717514518302627,0.23786014099724334,0.05828264016071993,0.5884585512645627,-0.006316375007297261,0.18455505648217893,0.2678252615806364,-0.08432874101403723,1.779100920353712,0.3248534957932996,0.22788755183861523,0.5557801087744475,0.17408387344566312,0.29397449504560597,-0.0031198990407743828,0.21993136226369756,0.2668494609396926,0.45282685496166314,0.19468207386815045,0.04715916939014326,0.22889686346959923,0.3510900226128408,0.016749480769602993,0.40792881026543865,-0.16130080010027453,-0.05137962926050572,-0.0121293363680643,0.11856398883421282,-0.14074328212058262,-0.09092730358492482,0.08407304779772455,-0.18748499108952596,0.11403861270198128,0.05200929728699557
0.07016526529502691,0.13335591593345578,0.1808483381079092,-0.00036011372551954365,-0.010683983140795205,0.13979310769622535,0.06813362481433494,0.16706278387939305,0.08696034382352645,0.18055275237478816,0.18565875260909623,0.1356370770948585,0.13689637081920683,0.15276646016477652,0.16327217137860742,0.2472342982434873,0.24192926690581357,0.09311927067832435,0.057019174352233436,0.2379927160007605,0.19697193654605816,0.13751431517985058,-0.06739731594671632,0.15631118077241316,0.2476925372443671,0.24008905536599226,0.21368099104600613,0.6548652753671061,0.09556755482288938,0.5011574048390847,0.2424162144525947,0.1212338787881642,-0.32385020370271367,0.3248534957932996,2.331073233174222,0.0800905555052144,0.16385829185839096,0.12091866115951025,0.2799284021827693,0.4050010020599031,0.3297605023276518,0.2585142713228859,0.30712993623273643,0.18519146225982072,0.4609083628297299,0.14213635008851536,0.29309831951519855,0.05297439100825227,0.03619179573087083,-0.2744447495753168,-0.1349404234459853,0.050496260846472546,0.1438165819104361,0.1547150688016485,0.18435525337034014,-0.00835748243683252,-0.022471692546729507,-0.15888602776912414,0.019970179920627856
0.14202291676520265,0.255458147681875,0.41792215664744564,0.22180195723401921,0.2028827282253101,0.19417648672858906,0.2350884065964619,0.18977143623077783,0.24071536757150067,0.24423570260710362,0.237044683234524,0.2595019558238735,0.18081319825016645,0.22063758446810364,0.2357929431486658,0.2338854464784665,0.2773993754692933,0.28573968588096926,0.21016876243190555,0.20459915174079557,0.29743178497460837,0.29176852474730836,0.4339277913018097,0.34210201422959763,0.3057264837600206,0.1600653588126987,0.3081354361114411,0.22967110699400847,0.47955275675265435,0.35305381330482255,0.492790582552096,0.2695620419931553,0.14721114699561136,0.22788755183861523,0.0800905555052144,2.2183772575729126,-0.021179113458436812,0.16660096149607412,0.281082438452512,0.2369799256582353,0.475492784201664,0.29936803445657884,-0.018251460024670235,-0.12302196439601609,0.11851940147789405,0.7277358276187373,0.11450846201192617,-0.20810485944096865,-0.8817624254012878,0.07455791862219201,0.0967857537254837,-0.10435909393841399,0.11238788669009181,-0.14889440845995167,-0.08572596541426195,-0.004401483877373033,0.057182919115543934,-0.11281574125538935,-0.07523829601265096
0.09163669069567751,0.5035817751138254,0.4254939562379295,0.26155269464163905,0.2460023999187993,0.31149144849391797,0.19590783343218035,0.2931656298478896,0.21124705028065574,0.26013555483156503,0.2428141164801299,0.14856138963518276,0.17368814451191078,0.20676606160668698,0.34784719077192905,0.23651753135320294,0.43306153387546986,0.32626724439010857,0.24742948399487932,0.681091085235527,0.32454380817976436,0.21971923334871393,0.18778557540702331,0.3329684457098282,0.2859994717217244,-0.0049033348077533265,0.2734507861426213,0.4420901489917601,0.019016582268526958,0.6007389838645919,0.413030889794358,0.06370739928488432,0.635185239477171,0.5557801087744475,0.16385829185839096,-0.021179113458436812,3.3464203018354204,0.48025329688148966,0.39987461090011395,-0.10488153536753285,0.4288392886910588,0.43049722241171506,0.7091469296302386,0.22787688087573546,1.0229592251818458,0.477367210660014,0.6954320705589776,0.14616983724245955,0.3710052485327046,0.9332643686687363,-0.5509733321755498,0.11615606236189258,-0.2272322618145433,-0.30166554938479273,0.06543133387290385,-0.019602961433791817,-0.23509713182423805,-0.0055705817767017825,0.24678449630790958
0.09160179240911295,0.21319883059654995,0.21997261778479643,0.1468493354356272,0.12114841621362861,0.2076433945582285,0.11657451223091393,0.1759392504384447,0.13130620027165216,0.11466675542708474,0.16858823924084473,0.14580394642291644,0.09845883538141899,0.15754201568656465,0.1532416776869421,0.1434360344668342,0.21980249428539594,0.08439901481549471,0.1380429715429099,0.5304465808030014,0.16222416585020544,0.1527102654250927,0.02368940049343562,0.17903861884575192,0.18124789967717586,0.17082549112969903,0.18933634438246105,0.17350413804119472,0.08737825083098748,0.24117857802141932,0.2509953612001249,0.16962480444900566,0.17890322791204855,0.17408387344566312,0.12091866115951025,0.16660096149607412,0.48025329688148966,0.8610191270791638,0.1834821740701746,0.14033277121022233,0.1490000832904928,0.1947299143154908,0.32813003236461924,0.14308599116729875,0.383295179029921,0.22780364302573824,0.22635513680472227,0.05544278811771939,0.026304736293454905,0.04358262113106001,-0.13477422327664465,0.14976195409310314,0.02548648869612432,-0.08817121020455647,-0.0524042733229316,-0.027585013717719348,-0.009608170102094582,0.08130335725038478,-0.06765565551165788
0.1200913515618672,0.16694103299097457,0.2233071477347506,0.2292727742393979,0.21520915972250176,0.2753497831691949,0.21831518058447452,0.3071092656474262,0.19976295290257226,0.21857637534693738,0.25943741385189006,0.22204790798000365,0.19214890131897414,0.16894598603137373,0.20031393546913437,0.2381346908322707,0.28966245697911314,0.1901752889962228,0.2312578537328241,0.3756385877696283,0.2671004516712603,0.27421032946190044,0.32775129199171216,0.2394081328774378,0.302642602375373,-0.2889735441185057,0.19547193369078508,0.12936810618251474,0.3762778217816168,0.5328228788553445,0.23511761824664804,0.13777936270562796,0.06975874810143688,0.29397449504560597,0.2799284021827693,0.281082438452512,0.39987461090011395,0.1834821740701746,1.980218502809283,0.4272366284200584,0.14641692027439332,0.18545587607996222,0.2777160094818439,0.27789938432866756,0.5061594779543205,0.16952150306037064,0.3860800712942353,-0.011987435756151216,0.6057777879082,0.23404855647273898,-0.18443506006742003,-0.05814123796785999,0.1335486751754073,-0.16588793497209217,0.07335869568426374,-0.025028060167469585,-0.02008367046668715,0.005773139695540634,-0.0891008862712294
0.04464267297115266,0.047016447300294494,-0.11541013579499441,0.056090545351855654,0.09056484525477945,0.10382204453502804,0.06503430576280053,0.11683512670886927,0.043199260978464785,0.07054940114418402,0.11445372687975626,0.1000721600321562,0.07164199721076389,0.10235177094051805,0.06403882557634777,0.14097288165941446,0.12659539925256402,0.09811969193034319,0.07130493561474298,0.2305599419713598,0.15039848617896548,0.093948302531881,0.09819401596476579,0.07967873711870918,0.08971286922823178,0.10322671663150856,0.13775407805594994,0.11410530972240308,0.1343292306356741,0.15735090944875713,0.09335051319425228,0.09360406233787881,-0.10432496968495161,-0.0031198990407743828,0.4050010020599031,0.2369799256582353,-0.10488153536753285,0.14033277121022233,0.4272366284200584,1.3258934876188024,0.048239381652568296,0.16714976629260156,0.21673224483480327,-0.0893755436283022,0.4761267829789018,0.21013832658085274,0.1498992113896603,0.04670773114046197,0.18929211302826854,-0.11400736206125954,0.20646369060827047,-0.19138776794890816,0.041545895534187104,0.10463942831580776,-0.09684421017676516,-0.013946587814932795,0.09891943861553806,0.11854141552900099,-0.056466457261276255
0.10489980555983584,0.19241276919579245,0.1884189590449741,0.13379245575806845,0.14063872051214749,0.10430709476314329,0.11602471772876632,0.16182353167947558,0.11744694720576158,0.20856923947865946,0.15596600165203117,0.12564906288446676,0.1288898431452324,0.20240471748862973,0.20831733152426343,0.2034652655983509,0.2141713736195916,0.19470700740142208,0.13350710955312345,0.22230460761139859,0.24805755482466751,0.1862048634683851,0.2078746613535237,0.20194771872190542,0.18792126177663587,0.24704686892064517,0.19463734465227703,0.2425654732741093,0.2794179371498197,0.6032848251414937,0.2514173495413263,0.1828830668285953,-0.10817504783714128,0.21993136226369756,0.3297605023276518,0.475492784201664,0.4288392886910588,0.1490000832904928,0.14641692027439332,0.048239381652568296,2.1938674702751038,0.24703747425811162,0.06357174328926006,0.2245180880235332,-0.3317566213966405,0.5795167861538312,0.502306594042176,0.08717526114447807,0.6206597983505806,0.16545627070041707,0.04475782588718475,-0.14588458515621697,-0.07055615044855401,0.05994502010908066,-0.03134218798547885,0.008352785706331458,-0.06754760891886698,0.022775437515497713,0.07999473920501547
0.0944115309550068,0.2322457710320351,0.2450417889179767,0.18689858640207907,0.18073537559301575,0.2133308024185896,0.1768374510813383,0.18577468838904931,0.1747916482301217,0.15615309965412855,0.20062678906772544,0.18203369304550474,0.14109657190726832,0.18446217158624892,0.2052471781482672,0.21977964209832285,0.27360497643931075,0.1802807990874385,0.17353939426806944,0.26343121228947997,0.3694835448099439,0.21373325238448262,0.12893765985088348,0.19757760186498594,0.19799621645363444,0.23774452681989605,0.1954144395840921,0.22149321248597895,0.16893910832283612,0.2295384790670062,0.25398665019461,0.18406098454443934,0.23247411312088193,0.2668494609396926,0.2585142713228859,0.29936803445657884,0.43049722241171506,0.1947299143154908,0.18545587607996222,0.16714976629260156,0.24703747425811162,0.6964694132631474,0.3108976371880729,0.04076636113836686,0.4491964373362087,0.1978880835248131,0.2893504411871031,0.04107141959422644,-0.06398477234258204,0.07264339425212009,-0.03164038654904355,-0.03578075440220494,-0.0004299943833298489,-0.05717362112484736,0.02478081156757144,-0.015057648085753403,-0.09040769770398607,0.06312870828243518,0.010776188124599635
0.08860246772483836,0.24004479695981443,0.1793812019984872,0.23599359027123076,0.14579926711218075,0.2963590947289887,0.19219920055102988,0.2825026601816844,0.1837563435511969,0.16699401849922318,0.2147387827231882,0.20359510517661558,0.15380805448392584,0.22679786384802084,0.2392352363612288,0.3006985610463556,0.29056451159975594,0.31479028815591903,0.1776217670699338,0.48965732814630913,0.2909588203998665,0.2875808500009883,0.22440724919825442,0.22224532181956683,0.2976986708998719,0.30095602546371414,0.36498419174115065,0.2770171989721411,0.1069051967821722,0.6492664933823438,0.23843025971811882,0.15945470028382255,0.2621662440514579,0.45282685496166314,0.30712993623273643,-0.018251460024670235,0.7091469296302386,0.32813003236461924,0.2777160094818439,0.21673224483480327,0.06357174328926006,0.3108976371880729,2.889679443996637,0.07542558444743001,1.0159140716693782,0.09230511717342056,0.43009711521261534,0.09153644000231564,0.24204453173057533,-0.02889506577738754,-0.16406947575564354,0.1690575343193158,-0.06277196250591048,-0.10282022693479365,0.06193898102305317,0.07013928508998406,-0.25710550211736855,0.6069937579704536,-0.3651905657434574
0.03160336093029182,0.05636347619808331,0.10060838591517753,0.11537438320762798,0.07516376520765168,0.10198480753153477,0.0729084660842147,0.09342469231714778,0.08011034477434198,0.08367601237212384,0.06691006949979571,0.05612138837171041,0.07749422151270963,0.08098538137006592,0.07321423444953747,0.10102553618893625,0.09545139871537942,0.0856647363319619,0.06671096319115395,0.07318955580116109,0.08544520669278649,0.12994579810868753,0.2337875752480482,0.11760891395580429,0.12875986093548525,-0.0003790746496911822,0.0395871786248713,0.17810529046832313,-0.08481916811073063,0.29291072519123973,0.09649333064042433,0.05463684639194371,0.14613428503829565,0.19468207386815045,0.18519146225982072,-0.12302196439601609,0.22787688087573546,0.14308599116729875,0.27789938432866756,-0.0893755436283022,0.2245180880235332,0.04076636113836686,0.07542558444743001,1.098644795767559,-0.0626435124350351,-0.0982350583828503,0.15956859679733204,0.09613424322024045,0.22666216361484892,-0.016729152925263127,-0.00805693384968486,-0.06184592555910645,0.037078944968021194,-0.03440995705714414,-0.08081303491801543,-0.013472457446201966,-0.03228500053793488,0.03916725394307449,0.10362255222164705
0.12257701260739834,0.30925190271588465,0.31479026586661185,0.1020865683286549,0.0307918181735166,0.2212287790098334,0.10298589122307059,0.1986256943878686,0.09680347127521349,0.10084425596264343,0.16676502182654626,0.13925660050071872,0.03600640374936796,0.10479896260325162,0.14016877022974086,0.1280175070841515,0.30442713037118807,0.2382832874952541,0.15178279919915982,0.5156609230224641,0.382107841752315,0.026901869960101393,-0.10059742537293245,0.08874649259587421,0.17241284491823394,0.15357957036346123,0.15728418845942396,0.2168995872567096,0.033071165423900706,0.3466488773659335,0.3158784070752364,0.0842044346450905,-0.1193309182540584,0.04715916939014326,0.4609083628297299,0.11851940147789405,1.0229592251818458,0.383295179029921,0.5061594779543205,0.4761267829789018,-0.3317566213966405,0.4491964373362087,1.0159140716693782,-0.0626435124350351,4.639324999715096,-0.2833636004880026,0.18810584441268002,-0.05650019804889001,-2.0258585992520683,0.187281112332662,0.23268803147176087,-0.09153246946364313,-0.172809166522121,-0.01825269221123195,0.007499220086350987,-0.05241833657292202,0.08983584959573222,0.29058853301545723,-0.6734099272099078
0.17129617174978648,0.27263730718127205,0.4849011064214602,0.1711650712279541,0.14099589582718475,0.18364311651841472,0.1786635324072679,0.22005904039861496,0.21563307628578698,0.22725258287307995,0.21907239749140264,0.1973793863024915,0.1637582893791273,0.17554013448325476,0.2135541901781048,0.18166442457627685,0.2436981556279434,0.27484782230173743,0.19176702037327872,0.2655727304034595,0.20087959607737826,0.2625946220541142,0.28276828094656886,0.2335742291495639,0.33461399905742584,0.10175546026488398,0.22575761378840162,0.11748053502172152,0.40016254745171836,0.29139837245036,0.3006324010234414,0.20629084470737588,0.1932488330718285,0.22889686346959923,0.14213635008851536,0.7277358276187373,0.477367210660014,0.22780364302573824,0.16952150306037064,0.21013832658085274,0.5795167861538312,0.1978880835248131,0.09230511717342056,-0.0982350583828503,-0.2833636004880026,2.5415001816073746,0.3309586313046018,-0.23629008345414032,-1.5202766363723952,0.003434857981545696,0.14313403514219977,-0.09417242003834096,0.14105498161304422,-0.21848704368389063,0.03808747161720156,-0.02868650850310621,0.162644699023991,0.017167870593091293,-0.35334697451189867
0.11830893262692839,0.20299313216705503,0.1938035850162654,0.21059661757173,0.17213280881164073,0.2694330544471068,0.12849412941668958,0.29004723427724377,0.1590648289577677,0.2682047619902243,0.21629767707967273,0.18226914652655035,0.15774641865301103,0.23217748950205527,0.24716619652597988,0.2490146764377115,0.28317540412239106,0.3954885550976778,0.158959399822143,0.2543347206211429,0.27106461475188304,0.24008876051208033,0.31884749074988455,0.28508764157188926,0.316181943521044,0.07205453523026602,0.1747918947101286,0.18648532897715397,0.3774027399512451,0.876510031680126,0.2672948740860321,0.20783450891860158,0.2787355101826639,0.3510900226128408,0.29309831951519855,0.11450846201192617,0.6954320705589776,0.22635513680472227,0.3860800712942353,0.1498992113896603,0.502306594042176,0.2893504411871031,0.43009711521261534,0.15956859679733204,0.18810584441268002,0.3309586313046018,1.7325013112854635,0.021682799740093635,0.2539526812837662,0.12047182123116432,-0.1186472866420232,-0.09273635823979975,0.057994642703656736,-0.07852876766981026,0.046983092256685184,0.001410538588802537,0.03179953691427082,0.206576324441761,-0.3328986578963811
-0.017836618090045497,-0.008550797853534065,-0.07271945104649946,-0.007487516985605517,0.013004001339656561,-0.0027988151925649185,-0.019688216892902406,0.010207280873025798,-0.04525402429013766,-0.005599706875794225,0.0028582721559039276,-0.0037963006624166197,-0.009420063059901057,0.0026202744686321137,0.016571604695916814,-0.02762208249399424,-0.00010819599324420741,-0.027395422550882932,0.005520150536466794,0.08889809828052658,0.014348580573469083,-0.14605966531399225,-0.005447509480917383,0.010370486172440303,-0.03641430219447032,0.0316172156258879,0.012398355627727915,0.05405039200257766,-0.10417761373819151,0.05279674818141032,-0.012929631882011048,-0.019342477634156103,0.07994582920424213,0.016749480769602993,0.05297439100825227,-0.20810485944096865,0.14616983724245955,0.05544278811771939,-0.011987435756151216,0.04670773114046197,0.08717526114447807,0.04107141959422644,0.09153644000231564,0.09613424322024045,-0.05650019804889001,-0.23629008345414032,0.021682799740093635,1.1054144402931778,1.0121048484014668,0.0018102276296154624,-0.018851635043887385,0.030300449145156973,0.011008336866194856,0.0376917432880854,-0.024015752183195693,-0.015365149986309019,-0.009638378998825614,0.03703507242272785,0.04330239835161542
0.04771444610515215,-0.03883610772552057,-0.27104357257954637,0.1193079096827721,0.19921161705599458,0.24375944880775852,0.21111535294341913,0.20991137908345447,0.2252451388371127,0.1194928975507462,0.10129039679536525,0.2088663814862502,0.14916118500642708,0.3196707010961644,0.1210176905843465,0.2948070575989118,0.11205710830982885,0.03953875665887232,0.085872882507701,0.3374048845147945,0.022564191564972733,0.49251252896217224,0.1553055314383013,0.24198905600474285,-0.05523183232282438,0.28703242414717395,0.28409698509844755,0.09162757003715875,0.54385620042792,0.4791949754131695,-0.17070050835530332,0.3080806763044503,0.25414671277085116,0.40792881026543865,0.03619179573087083,-0.8817624254012878,0.3710052485327046,0.026304736293454905,0.6057777879082,0.18929211302826854,0.6206597983505806,-0.06398477234258204,0.24204453173057533,0.22666216361484892,-2.0258585992520683,-1.5202766363723952,0.2539526812837662,1.0121048484014668,14.595432860068595,0.34524897382151676,-0.5896338138120852,0.1544767681417279,-0.1318032710597984,0.007928477226224626,-0.2668957768503396,0.21120560084037887,0.27814546354753084,0.4340774458645109,-0.35661422614655025
0.003998128636053779,-0.024506760907928513,0.11035408900488083,0.13680776767828162,0.1864538360916008,0.19067522397087802,0.0012576344294491703,0.1255922982849869,-0.007570685346002885,0.036072630280156705,0.032969611229548855,-0.09817216841738949,0.06814806392342627,0.06609126181181807,0.14048079932373506,-0.02434304174228444,0.18404444634199144,0.15887227310924093,0.1139514536978719,0.03991889516853785,0.10920113671135849,0.023551411759887182,0.006694649373809226,0.0371647728169737,-0.34930172096712964,0.19587238671660642,-0.021733545303526957,0.24486897895581491,0.24733192715608293,-0.14902139290676233,0.18904375889993968,0.05103180132746594,0.2000110764371015,-0.16130080010027453,-0.2744447495753168,0.07455791862219201,0.9332643686687363,0.04358262113106001,0.23404855647273898,-0.11400736206125954,0.16545627070041707,0.07264339425212009,-0.02889506577738754,-0.016729152925263127,0.187281112332662,0.003434857981545696,0.12047182123116432,0.0018102276296154624,0.34524897382151676,5.284426822439435,-1.2068397121957366,-0.502562896048715,-1.7592060873908588,-0.37343521632704224,0.00808898379310601,-0.06312597629826797,-0.05271784523859984,-0.026033078413604267,0.1660669468174336
-0.009272366181436887,0.1689174757712859,0.050219137671537746,-0.09708312754270247,-0.06455016767683358,-0.2697520577983696,-0.049728996840029786,-0.04725922885272993,0.009034661856427118,0.004013301535190883,-0.048961700782448186,-0.02654430394780948,-0.03162071582669804,-0.033874098921031465,-0.13733664524533595,-0.051204178124813156,-0.0358917016157277,0.17461330964330404,0.09413536238138252,-0.17840779760065073,-0.02525102776880677,-0.025993274191893987,-0.00033632368954603607,-0.10060314683947719,-0.11769272226578124,-0.1158928838960792,-0.10583507499329076,-0.08292259765339526,-0.357499486639271,-0.17124221108507348,-0.016623519373499776,-0.022815662740208832,-0.10707840730166249,-0.05137962926050572,-0.1349404234459853,0.0967857537254837,-0.5509733321755498,-0.13477422327664465,-0.18443506006742003,0.20646369060827047,0.04475782588718475,-0.03164038654904355,-0.16406947575564354,-0.00805693384968486,0.23268803147176087,0.14313403514219977,-0.1186472866420232,-0.018851635043887385,-0.5896338138120852,-1.2068397121957366,2.8318177927943373,-1.3873859542666078,0.05166153708814806,-0.05624562193823364,-0.09661362093478472,0.0043331569699823795,0.11660119025780942,0.041435254449159346,-0.1376248213359604
0.004162514347393327,0.1002528697994234,0.18570862472660968,0.03268216102481567,-0.14352539234177128,0.08965123811664696,0.0024883473539624697,0.01109526691616346,-0.006834535409614865,0.030315677358472928,-0.019051776139774258,0.04412190127358765,-0.03523674296773774,-0.033002470841352424,0.21349406871277016,0.006247942221030024,0.007841985200487532,-0.021482356471913402,0.17676974087687838,0.15345279743982304,0.020578563471342712,-0.0875672369908884,-0.11549297579259399,0.05047083956740446,0.15524215036323558,8.961598399865688e-5,0.09694635355829427,0.5458524656807102,0.01486593067700482,-0.15185171396627373,0.13364210165661003,0.1318412631098141,0.16000662442079078,-0.0121293363680643,0.050496260846472546,-0.10435909393841399,0.11615606236189258,0.14976195409310314,-0.05814123796785999,-0.19138776794890816,-0.14588458515621697,-0.03578075440220494,0.1690575343193158,-0.06184592555910645,-0.09153246946364313,-0.09417242003834096,-0.09273635823979975,0.030300449145156973,0.1544767681417279,-0.502562896048715,-1.3873859542666078,4.318097687803391,-1.434323560856382,-0.38448318324482844,0.10542233731727571,0.02963096981061265,0.03457232406862495,-0.104814301903388,0.05440349152922762
0.008992503867343845,-0.0957489251782566,-0.09828462356139621,-0.02655586028805466,0.049800567242629205,-0.11352973662744481,0.007603919765512992,0.0489325091858096,0.04444656427246099,-0.020156880827206906,0.08725076021208848,0.031088232305896715,0.03318261493807556,0.023398037205242007,-0.16997705921791922,-0.006374023562752507,-0.07123676373929402,-0.19900757588743076,-0.21946923778745764,0.058061498027098,-0.05186961445634087,-0.008860175209197194,0.1181167024612916,0.05315631039767816,0.1469246988918838,-0.17495892783444766,0.015240119178153084,-0.6682480852162892,-0.10972145522086198,0.2857371771630427,-0.14153935050087751,-0.15976650613500423,0.02240790896793694,0.11856398883421282,0.1438165819104361,0.11238788669009181,-0.2272322618145433,0.02548648869612432,0.1335486751754073,0.041545895534187104,-0.07055615044855401,-0.0004299943833298489,-0.06277196250591048,0.037078944968021194,-0.172809166522121,0.14105498161304422,0.057994642703656736,0.011008336866194856,-0.1318032710597984,-1.7592060873908588,0.05166153708814806,-1.434323560856382,3.0580356055821216,0.03806631722560586,-0.032798674292783096,-0.014464989563185296,-0.052726591795067036,0.007752960822282869,-0.04080462408466691
-0.009529446468218062,-0.20172377534438465,-0.25077891881569175,-0.11725306215925892,-0.02676129950068086,-0.027187615756878145,-0.09474467017206546,-0.11488670548675356,-0.11256953433507778,-0.050473785440226716,-0.05793674116581519,-0.04310772744453347,-0.05378349862181763,-0.01897058570627013,-0.0852220751960696,-0.034108319837547044,-0.08525012586567453,-0.1614231111108863,-0.12515401968647033,-0.11865341419703249,-0.07345534578765815,-0.0657951421887777,-0.06010941318652723,-0.08565478908389138,-0.04730293800691598,-0.01470658116992642,-0.027688662610666617,-0.0787977772883614,0.019218222376936666,0.019491989411602934,-0.1444850276217813,-0.002813396296014727,-0.3389380153163818,-0.14074328212058262,0.1547150688016485,-0.14889440845995167,-0.30166554938479273,-0.08817121020455647,-0.16588793497209217,0.10463942831580776,0.05994502010908066,-0.05717362112484736,-0.10282022693479365,-0.03440995705714414,-0.01825269221123195,-0.21848704368389063,-0.07852876766981026,0.0376917432880854,0.007928477226224626,-0.37343521632704224,-0.05624562193823364,-0.38448318324482844,0.03806631722560586,0.8240531827596838,-0.006846404652174274,-0.005677138226787391,0.052005622925171836,-0.02108073682330305,0.015633933808688428
0.13151537992291537,-0.38422040768121407,0.05478777482375429,-0.04682704104411383,-0.07993132427722217,-0.06378922607189028,0.052688035623772035,-0.0684492541110238,0.0597517669761808,0.06147568130112607,-0.05154100730854434,-0.04882390195779493,-0.02036064145991757,-0.12336007686840311,-0.020227643159933088,-0.07939151139908605,-0.08955623405758713,-0.00879742791881145,-0.05168756311221345,-0.04659648879452956,0.025994593509945634,-0.025728798174035897,0.0003706129551138135,0.007369667584773888,-0.004950736180669418,-0.10328160910165114,-0.007987530604634186,0.1124592644376852,-0.13039284806244208,0.033766069228957626,0.06157119374659361,-0.10564298284223926,0.025332259664910033,-0.09092730358492482,0.18435525337034014,-0.08572596541426195,0.06543133387290385,-0.0524042733229316,0.07335869568426374,-0.09684421017676516,-0.03134218798547885,0.02478081156757144,0.06193898102305317,-0.08081303491801543,0.007499220086350987,0.03808747161720156,0.046983092256685184,-0.024015752183195693,-0.2668957768503396,0.00808898379310601,-0.09661362093478472,0.10542233731727571,-0.032798674292783096,-0.006846404652174274,2.3867051812549773,-0.12564930889449516,-0.16460269318998766,-1.4606947700693833,0.29787273580612345
-0.012486580948867497,-0.11335844067483343,-0.009958495114089144,-0.015359163505766988,-0.0635082179121102,0.0022702671586889737,0.06983878769518825,-0.07550216611086566,0.12564745927014356,0.03613687248246984,0.01580892501536066,0.09322077596664054,-0.02651068308618999,0.0018821747858457107,0.07976789412365481,0.065192433080264,0.01181618856060781,0.0650683518407435,-0.002013301974639945,-0.03368691505015422,0.0029961808885424503,0.07447672396496317,0.034944467478820164,-0.011569633516564645,0.03523494600408603,0.019910254382351514,0.04869450187748798,-0.02213139081810838,0.01228674790054584,-0.0656016619103396,0.04928143839379425,-0.004668350399804684,-0.019556370659145877,0.08407304779772455,-0.00835748243683252,-0.004401483877373033,-0.019602961433791817,-0.027585013717719348,-0.025028060167469585,-0.013946587814932795,0.008352785706331458,-0.015057648085753403,0.07013928508998406,-0.013472457446201966,-0.05241833657292202,-0.02868650850310621,0.001410538588802537,-0.015365149986309019,0.21120560084037887,-0.06312597629826797,0.0043331569699823795,0.02963096981061265,-0.014464989563185296,-0.005677138226787391,-0.12564930889449516,0.8053837225934269,-0.06743254636203107,0.023283944550214625,-0.6233962105266423
0.0974113395598869,-0.3481696841241133,-0.05950491763163486,-0.19482797393811124,-0.09223949742675358,-0.02906498761639602,-0.04088448871851563,0.016261433224733113,-0.02365444958416997,0.04598869182489209,-0.046347638043739946,-0.032520496902016895,-0.06630555321720957,0.0022270492615444324,-0.1365762073773379,-0.11350367820717636,-0.08305257656313447,0.02888715470797674,-0.024567250078547417,-0.06279219523845109,-0.10651893625295678,-0.06160891819839087,-0.027192958606496793,0.04770020152009448,-0.00950986813562153,-0.08099951975001622,0.024873983573009045,-0.04221448636094045,-0.15089464300796246,-0.05722960501666113,0.08954677064122765,0.2364375749620215,-0.12256516653841523,-0.18748499108952596,-0.022471692546729507,0.057182919115543934,-0.23509713182423805,-0.009608170102094582,-0.02008367046668715,0.09891943861553806,-0.06754760891886698,-0.09040769770398607,-0.25710550211736855,-0.03228500053793488,0.08983584959573222,0.162644699023991,0.03179953691427082,-0.009638378998825614,0.27814546354753084,-0.05271784523859984,0.11660119025780942,0.03457232406862495,-0.052726591795067036,0.052005622925171836,-0.16460269318998766,-0.06743254636203107,2.056966580302105,-0.819991966091344,-0.9445191489647583
0.07885106590000499,0.3683327713017027,-0.19155088305842796,0.23751586826141993,0.13202553177822796,0.21093521137565802,0.11006723944631282,0.2921374851494572,-0.05642431375000317,-0.13287306375369295,0.14247694798123203,0.16695171928262612,0.008862571770366572,0.17996947549678752,0.08365476880353742,0.26235702051036325,0.13196363234725908,0.2415508527148801,0.11954770229253678,0.09477459948652966,0.08240093279051744,0.11517515040356366,0.017296299126441685,-0.14101627731190552,0.0879011817853103,0.2677455893943735,0.11000785570391007,-0.0784828962147014,0.21553826590632388,0.21489588345080993,-0.04564375296104666,0.01490443464631906,0.002819254638898341,0.11403861270198128,-0.15888602776912414,-0.11281574125538935,-0.0055705817767017825,0.08130335725038478,0.005773139695540634,0.11854141552900099,0.022775437515497713,0.06312870828243518,0.6069937579704536,0.03916725394307449,0.29058853301545723,0.017167870593091293,0.206576324441761,0.03703507242272785,0.4340774458645109,-0.026033078413604267,0.041435254449159346,-0.104814301903388,0.007752960822282869,-0.02108073682330305,-1.4606947700693833,0.023283944550214625,-0.819991966091344,4.134551362845168,-2.4421013976079
-0.2815134065069355,0.261804308890308,0.06315335086707968,-0.07659698435919728,0.05583101730210078,-0.16926277965163092,-0.24949397422009978,-0.18894507014287287,-0.14069406796721926,-0.035470916981816515,-0.15720759004461102,-0.3234747506116291,0.057249406925907395,-0.11140871610809477,-0.02464108308131745,-0.18412296097103004,-0.13236779546584482,-0.3534517651921773,-0.06692109478274738,-0.022534915629852027,-0.043695349006562446,-0.16701311534180818,-0.061205726152447244,0.06598005035931445,-0.15571828710806382,-0.1781726834338875,-0.1803520200811142,0.15200664901057773,-0.06354776538342152,-0.13385703666901483,-0.15213473898753233,-0.21691785595757881,0.11087910731876897,0.05200929728699557,0.019970179920627856,-0.07523829601265096,0.24678449630790958,-0.06765565551165788,-0.0891008862712294,-0.056466457261276255,0.07999473920501547,0.010776188124599635,-0.3651905657434574,0.10362255222164705,-0.6734099272099078,-0.35334697451189867,-0.3328986578963811,0.04330239835161542,-0.35661422614655025,0.1660669468174336,-0.1376248213359604,0.05440349152922762,-0.04080462408466691,0.015633933808688428,0.29787273580612345,-0.6233962105266423,-0.9445191489647583,-2.4421013976079,4.654033766671314
