0.8281628768757486,0.2995330841324368,0.3656879548718432,0.02908671262156476,0.12626854753394134,0.1507642418193624,0.2418177052506565,0.07703628462155317,0.15194561124348743,0.16714881508955,0.14078459682956845,0.19341301277457315,0.12512769430936002,0.16111200188568986,0.14316456021543175,0.12194592632064606,0.11124188524925424,0.1714801867801118,0.07509974667389534,0.08800567440016542,0.17742572143645308,0.13394149665791658,0.08927182192572944,0.08025485098236845,0.12835560411334998,0.12804930081449456,0.12428958145960979,0.10778410503888594,0.1807887420999983,0.14921250872940342,0.12546718996167774,0.17167483607790252,0.02300074485681722,-0.036340614419421,0.1497816743073086,0.24021220257038736,-0.01547002384940857,0.07412673901758912,0.1709459419178609,0.0841460172494565,0.09688805607239245,0.10089993264179514,0.07788852593330223,0.0016675780666436165,0.23020084345496405,0.15386956600789167,0.16826491112033276,-0.03495171299346229,-0.10706294742781762,0.024256630188919704,-0.0021245829763648343,0.041481315263318816,-0.05144920267393836,-0.006751755959362191,0.14488965399493703,-0.06163140998410561,0.2222037256289902,-0.003868868995305795,-0.3195767053438389
0.2995330841324368,3.1165272373260295,0.34488833294687926,-0.1353872745078009,0.37243053940885384,0.38019831565292417,0.28212397371790027,0.3159322945021196,0.3196733871109815,0.18001435138680802,0.2987711033926828,0.22554174261724078,0.28037397833443645,0.12152608200030414,0.44661226317784236,0.12689421118836064,0.14019457320112003,0.3505611724783849,-0.11423717077080542,0.02994854817212696,0.5194961471672473,0.19421464992550633,-0.25330629518419334,-0.08268222590245038,0.10740859784968856,0.43936744705673253,0.19771468928393926,0.2548069961680416,0.26093362580676943,-0.10784210939218737,0.19111008572346455,0.17926644277835752,-0.18399291913786572,0.3125389988126652,0.3333481360017763,0.11168213018943242,0.125882648108439,0.018169318206438818,-0.03392402196796877,0.12486971895856462,0.13052666396395443,0.08702069556812607,0.010057629220265808,0.02259031799969418,0.03761275291890452,0.05290618005914819,0.09736924162913035,-0.002323938156847705,0.05178391635702318,-0.10318535351827395,0.19886666431460442,0.2704911684639794,-0.37239619557267484,-0.05643483917704031,-0.5115018269361187,0.20277973269841493,-0.03801946563631877,0.30850233149739364,-0.035597904426707794
0.3656879548718432,0.34488833294687926,2.4538721227289373,0.3328071094767589,0.11865772889983311,0.5713833304458736,0.2493781684639369,0.6213589884783121,0.4470880655424164,0.4181356575639767,0.41387632408997654,0.2293608756084954,0.4156776603134698,0.24921606423517614,0.4502161575273701,0.17681213253269606,0.3771604387716203,0.3866891246495862,0.32123583086246676,0.5037437900519607,0.26469034323088036,0.33769098882929394,0.3138083602991256,0.3406261250865102,0.3155136738668723,0.6300686581637264,0.27994257193647815,0.37550953786146296,0.7580156268990875,0.05661084926681797,0.2766404605556075,0.31349686799565485,0.22851235337628983,0.62722755403502,0.36766228018303776,0.6837045278091856,0.5883097521243357,0.3378813685223547,0.13306236117392417,0.03970773827221918,0.31017448764008826,0.3080022557719154,0.22632624092306813,0.024044714455759172,0.7230600022306931,0.5763901218260119,0.26442748818358774,-0.10148766247172997,-0.6229958609806971,0.22099253728767393,0.011050563501752047,0.27763763214698817,-0.22307562683382118,-0.18465814566479713,0.24833476930877385,-0.20726274868603553,-0.034278063975111996,-0.34242987847140705,0.345600155058046
0.02908671262156476,-0.1353872745078009,0.3328071094767589,2.060050142339845,0.46197704402526946,0.49178196706164984,0.4872517822910477,0.4908032520689221,0.26537126674285,0.3377847739405511,0.43997575190740734,0.5864320632931426,0.451728558180617,0.5434532320096224,0.31089541707020113,0.553964698027934,0.4626131972743502,0.4469873324511423,0.1397897457701649,0.39576602740354677,0.26475442069862004,0.4394907258509072,0.5487960523530855,0.5427228013378241,0.3914761205707104,0.45519787569343195,0.39135863511341784,0.1523332868563024,0.519340728272833,0.2980098654791123,0.3277201936965939,0.5175335015960444,0.46234030965224354,0.5673998053113044,-0.12256617461804556,0.5498532357176175,0.33498667748911365,0.2646736856398656,0.38217076044957105,0.15336959631229435,0.3947027389657168,0.32831016815590186,0.4370286775870124,0.13149245956973918,0.22250559123312114,0.4244375005774027,0.42800250293971576,-0.05721362965236872,0.3219622071175654,0.19139296384568621,-0.044909898526556365,0.12549619158411746,-0.04937567137466851,-0.2530456102040785,-0.25182154924392086,-0.1047770379137156,0.018409184498795823,0.2761204431748867,-0.2804180541034415
0.12626854753394134,0.37243053940885384,0.11865772889983311,0.46197704402526946,1.3839517397978214,0.8130997472562593,0.26178684050753465,0.6674550991417015,0.28675517937488754,0.33474996750139197,0.4720161828278444,0.4221804785346426,0.47444014467192286,0.34135632064671917,0.408812917023606,0.41241326489523117,0.31907604451074106,0.41790234388807596,0.2659720557873775,0.386380656770847,0.14634975394310584,0.33009510982313356,0.404532404717991,0.34083977167790996,0.3740986540805846,0.6137617732686386,0.3483796385936451,0.08836908628047954,0.5624093041523114,0.0977570195183117,0.2623102843033331,0.3769418362661628,0.1673048990938675,0.6230138238206394,0.03902388647987749,0.39383442395609036,0.3699472877688014,0.22442206394028275,0.12338308953557543,0.18370008198015564,0.32141002628611354,0.35720720418402296,0.2770711593257576,0.06548154183528407,0.2875028006410511,0.29396488223236616,0.2811318418490548,-0.05017815986265318,0.275707141889383,-0.11706532212339299,0.09652550719995298,0.032198195745880905,0.029492100815716668,-0.026285736037598557,-0.22077900351999943,-0.11664140335611374,0.009044675277447532,0.210160571546107,0.07433345190317356
0.1507642418193624,0.38019831565292417,0.5713833304458736,0.49178196706164984,0.8130997472562593,1.1034172349605116,0.2280849376279333,0.7444422772293883,0.3604825304327525,0.3650512690027577,0.5278824089178329,0.41787983656525124,0.5026485445941417,0.35111533423552554,0.4807511390769926,0.38871649582806433,0.4182811896525573,0.42119444959188457,0.30565747625553125,0.4663075892927058,0.2397474445859908,0.3720036566957391,0.331653509167176,0.3396976167952172,0.39870619900786536,0.6733006180325274,0.3891681867537959,0.2687756087074951,0.6502532390536806,0.11586164790393735,0.3046144419387636,0.42361144778374166,0.11145702755878062,0.6595110958091988,0.28432919692354297,0.4269153853164282,0.3803834304749654,0.27349674876765573,0.21171240763778287,0.16521829881283678,0.2770062693290174,0.3643115592886641,0.32196311953814216,0.07511785379448545,0.42506782596616977,0.2516047503518852,0.2871607069743074,-0.061559214343925306,0.331984904375665,0.20472743337872024,-0.28765771815836066,0.2523312880001378,-0.2698912934769877,0.021390735905272986,-0.17631788234871346,-0.08725166715390643,0.033513225036268586,0.183263842786986,-0.007881796567010923
0.2418177052506565,0.28212397371790027,0.2493781684639369,0.4872517822910477,0.26178684050753465,0.2280849376279333,0.6973717168022349,0.1656245303166561,0.2513464483422958,0.19061196631345986,0.2740966197451965,0.43428453077558204,0.26583603654675425,0.20131527870937294,0.12926731038167252,0.2819331962840136,0.2768731796584902,0.2804169283530591,0.08176708000123689,0.1608358134460578,0.22163347744052242,0.2823224048834658,0.24679241313012523,0.2005963679633561,0.24323445371702912,0.28350035026042564,0.23771831032419435,0.14085181264988458,0.29712595894166544,0.1273957880064798,0.18569319449162416,0.24969251521811972,0.1205431020300061,0.30964360397372986,0.14698045488835432,0.29665135181257707,0.12609522452385186,0.10948270774563003,0.2512475335100576,0.11194467688454161,0.1354112824867183,0.17482367706048885,0.1994699754903387,0.044163923521039525,0.24086550567494042,0.18933904394717438,0.22131805880628447,-0.032605834202538805,0.09673230245192102,0.03179740919286961,-0.022118193653510622,0.10023797213552807,-0.08839864119915622,-0.1172822037771949,-0.042227856210740246,0.027310852046926123,0.029510273878270998,0.10050922339322607,-0.30841585505066477
0.07703628462155317,0.3159322945021196,0.6213589884783121,0.4908032520689221,0.6674550991417015,0.7444422772293883,0.1656245303166561,1.1766228065848572,0.24655465757777256,0.3823722675414713,0.5138290984809039,0.09340494083284911,0.547438100371751,0.31098963762977067,0.4238185066149927,0.3316304460921055,0.3928711795304353,0.4185235275494406,0.27679346092054047,0.4470114736581562,0.12386498424729434,0.335619470193731,0.3693725122161988,0.3687289836394573,0.3713361518482531,0.7283086408984596,0.3425508009144881,0.24703014667011367,0.6499379714122361,0.2504826044603331,0.2791686755991269,0.3463938144830131,0.14345865161809432,0.6411218499390415,0.34294592872134233,0.4994613411753265,0.5136987329022152,0.2609031326919591,0.15485167715682766,0.20384271832813153,0.4230111622428196,0.359076894806191,0.3572054246103639,0.08058129584333014,0.4064677922963686,0.3802246780459811,0.3469038018403515,-0.06151152433817687,0.27378099363485286,0.1823548090767799,-0.03802796560800809,0.03670617004307542,-0.025995406746098418,-0.06215105621939756,-0.16668322439334718,-0.18185504354046825,0.05884248496071339,0.23446914038992325,0.12025900782109179
0.15194561124348743,0.3196733871109815,0.4470880655424164,0.26537126674285,0.28675517937488754,0.3604825304327525,0.2513464483422958,0.24655465757777256,0.655584025729024,0.24291748088602538,0.3206599448163388,0.27542729727017956,0.30091694479365266,0.25343500257518214,0.2195419972395663,0.24352444169999793,0.3021871635342207,0.3066170388026757,0.153136836747498,0.1744801381514716,0.2832042764773721,0.36851048697798283,0.2622212231922099,0.2190240691392215,0.21823391037566547,0.5009856308063237,0.23107855159245175,0.22837028570126416,0.3879214694910846,0.11199898517040978,0.22083727186038,0.2957885515001905,0.12919816418273147,0.36549961222367827,0.22548191239311077,0.39894598550296373,0.20505048311111568,0.11951586624488804,0.1484270445571045,0.14140950776861416,0.2500414908086098,0.22533682164120583,0.19481341899651627,0.03970831218751232,0.22134749627994857,0.26376728542878214,0.23567524438667636,-0.04642481869941332,-0.004870897703240131,0.02686196165440449,0.06803073731829531,0.12610165918590635,-0.14556706662446858,-0.08488943685900419,-0.04451907800330493,0.10255336346145644,0.047852300535372455,-0.023902766457902666,-0.13128378330469073
0.16714881508955,0.18001435138680802,0.4181356575639767,0.3377847739405511,0.33474996750139197,0.3650512690027577,0.19061196631345986,0.3823722675414713,0.24291748088602538,1.0580672752338243,0.3516931102391167,0.3893980234443773,0.306096123775632,0.2737666264590237,0.373251948756126,0.27856224829151005,0.36601256936229803,0.34919323198179114,0.3041227546138513,0.4538327258906253,0.22113977540240612,0.2175213694720765,0.21135770951552998,0.2630420348805651,0.34531631309783156,0.4052868583031946,0.3436915771060211,0.3107087178007229,0.46867247055505173,0.29316356398102217,0.3153553311056566,0.3331835547971401,0.12432695353463369,0.534214746874402,0.3475835514272651,0.4715182383367119,0.4086597962070656,0.24348616861653163,0.2179919164482842,0.18278159186105025,0.3566598811571462,0.27461088817656243,0.3534244274429058,0.03166922262565432,0.5831038420375007,0.2934551349423272,0.3964104420853481,-0.056622853982996144,0.07474621109637541,0.07791661979035781,-0.010419707280381978,0.14660503551408513,-0.18112820886199538,-0.00836884882141684,0.16786946920093193,-0.004522602486107577,0.2866612355966022,-0.31076398259259697,-0.08353843240547679
0.14078459682956845,0.2987711033926828,0.41387632408997654,0.43997575190740734,0.4720161828278444,0.5278824089178329,0.2740966197451965,0.5138290984809039,0.3206599448163388,0.3516931102391167,0.702095116272036,0.3670960659648934,0.4366197708587339,0.286809358731985,0.3935547420064087,0.34250838381625504,0.4493983625369642,0.3441684222715257,0.17923307020961343,0.3795921994419322,0.22801936122794716,0.31786099080121194,0.29816789760854995,0.31418841564688416,0.32598227125002655,0.5266647769215734,0.3467293851754222,0.25699331058637387,0.5128592487649167,0.21904544772841303,0.28937012426481096,0.3322870660312023,0.15150905439337892,0.4712675248341356,0.3226261531806734,0.4712193067293697,0.3394864937267337,0.2179748527342031,0.24464129967364434,0.2084158215481045,0.2909702864880554,0.33338300341403004,0.27372986207557465,0.053303484644412646,0.3919006187688692,0.31192894044528596,0.31505651969870924,-0.05696516570766919,0.10814160571868732,0.06674905768367981,-0.015458364059800722,0.09670321750455585,-0.04697341659829163,-0.053487087078758114,-0.12167331510236121,-0.04233444454433044,0.04850844500333729,0.11507117947198171,-0.12488105785885044
0.19341301277457315,0.22554174261724078,0.2293608756084954,0.5864320632931426,0.4221804785346426,0.41787983656525124,0.43428453077558204,0.09340494083284911,0.27542729727017956,0.3893980234443773,0.3670960659648934,0.9014136377570177,0.2824589084692441,0.3407506928762257,0.24271958320376025,0.3805557853619325,0.39637855231145025,0.340484609113532,0.21155693777221718,0.29252779406910845,0.30259236289258845,0.3030319143750951,0.2866734484719102,0.2738832585752835,0.3446794998006038,0.29036021588757827,0.36324039440065337,0.14326128362425253,0.3601784026380995,0.14730645124625624,0.2583327298286982,0.3566435013625382,0.14377208535701386,0.42155310346345526,0.21050537324532156,0.3560489687079335,0.14427035010490782,0.17454201762226682,0.3369352142137043,0.18200772867432388,0.12677242507307893,0.24423728696551014,0.2739196955030868,0.058033548476101225,0.374117708859706,0.18814125080960506,0.2915042132903571,-0.03978778591951094,0.07116207010785904,-0.006629298518914481,-0.06327581107102591,0.04067088096557839,0.010113437061780405,-0.0684593108368126,-0.17117845371244006,0.04786619786045781,0.028231768902388352,0.1459687608027905,-0.3720448238530457
0.12512769430936002,0.28037397833443645,0.4156776603134698,0.451728558180617,0.47444014467192286,0.5026485445941417,0.26583603654675425,0.547438100371751,0.30091694479365266,0.306096123775632,0.4366197708587339,0.2824589084692441,0.7280200499639735,0.330951369857134,0.28342628065742326,0.38551516315356926,0.3758079169451364,0.31614410430792356,0.26286026040311233,0.31851115814507114,0.1844895056410918,0.42568679345149585,0.31375044474086095,0.34652921873451664,0.32078428119809055,0.5492231520990076,0.35920861727579306,0.25941380590477275,0.5865312636042705,0.2447102150565458,0.25578327402215123,0.37486231387137026,0.133031781658325,0.5042369912423584,0.33411729884039465,0.5084515046775739,0.3277449800171663,0.20176527681712764,0.18249506287369885,0.18832467367707614,0.3416520384755225,0.3187475518120423,0.27960133227469125,0.05620190525023139,0.3453279826777289,0.3295725440367554,0.3050613509204287,-0.06191491713197097,0.10195200185811658,0.0819681275074035,-0.008183571230784784,0.08406348370658744,-0.08594307878041929,-0.07388363940830685,-0.06413155057210423,-0.09624257152577616,0.045637881911839415,0.02532560313324708,0.059461996799587795
0.16111200188568986,0.12152608200030414,0.24921606423517614,0.5434532320096224,0.34135632064671917,0.35111533423552554,0.20131527870937294,0.31098963762977067,0.25343500257518214,0.2737666264590237,0.286809358731985,0.3407506928762257,0.330951369857134,0.6613057521314764,0.2843499661469913,0.4367951048401962,0.31373298526876525,0.2633155277722786,0.16778949357445352,0.3050517237617072,0.24852951452139346,0.3409675485375324,0.35754311399469546,0.42479314040706284,0.28799976193818005,0.3745120261022736,0.2922076523535053,0.18314958329825118,0.42178916199384237,0.33542968192666345,0.24989659926223223,0.5128070906445277,0.23195462581570986,0.36315000393892316,0.20602522319472044,0.5098461012011103,0.160922530178995,0.19740104652845533,0.22537090451458575,0.21137143106034165,0.3851889041640013,0.2979809813731842,0.30162472445885574,0.07670887802592208,0.23739182901474226,0.29541564397420705,0.339464990864995,-0.05862820776883435,0.11957201238072032,0.07539742489090508,-0.022918523090619064,-0.09690913243800424,0.08888955881152884,-0.01959319772756958,-0.13297138911666834,-0.12202564669345753,0.09758550836808078,0.1467644618207247,-0.07528124303931485
0.14316456021543175,0.44661226317784236,0.4502161575273701,0.31089541707020113,0.408812917023606,0.4807511390769926,0.12926731038167252,0.4238185066149927,0.2195419972395663,0.373251948756126,0.3935547420064087,0.24271958320376025,0.28342628065742326,0.2843499661469913,0.9919857296361542,0.2865059093489919,0.30139453353136425,0.3226901941257044,0.23475232842135163,0.36802676198714135,0.19890180395170892,0.16047909214863934,0.340775004789016,0.2947522440928149,0.34764648818506866,0.4510862311077011,0.27663976159922216,0.2963256763447198,0.5179517552515349,0.22133647358038172,0.24788672020955527,0.302836082159978,0.16161848601593173,0.4603106707491132,0.2543961086294555,0.44905329736541005,0.38390911038660025,0.20357238176014308,0.10458908926430555,0.14690890937668416,0.30404547227404377,0.29677540749264736,0.2406449626848188,0.05414469432816612,0.23403932345140202,0.3058504581216286,0.29302769804844825,-0.05865155747625496,0.14921258336457047,0.1724469136534414,-0.09261714494701626,0.28640256540544595,-0.2703701031789373,-0.04846396641825942,-0.05480847293053441,0.02917126363318296,0.004624576259266853,0.06609188971875056,-0.023438031692043948
0.12194592632064606,0.12689421118836064,0.17681213253269606,0.553964698027934,0.41241326489523117,0.38871649582806433,0.2819331962840136,0.3316304460921055,0.24352444169999793,0.27856224829151005,0.34250838381625504,0.3805557853619325,0.38551516315356926,0.4367951048401962,0.2865059093489919,0.8111306541580107,0.3778613022486625,0.3288727105613953,0.19060900985839763,0.20608309675307496,0.22607368629316124,0.4424918287308779,0.3700044591267143,0.366640523651588,0.33666267643375714,0.35385503161589527,0.34567264708274853,0.2644099241789769,0.5109750518803031,0.3436331929580557,0.24299560048200863,0.41846839260491153,0.10253238125221772,0.4591015615040281,0.42906839230828864,0.4832087127842427,0.23268544645134434,0.14643815917119204,0.24002168641282018,0.24208419065339,0.30267228738055096,0.3407459096121865,0.3127653852409504,0.09073349710430897,0.2778186438871391,0.25845538387429084,0.37074276090843183,-0.057455160504663205,0.13189563737149482,-0.05160351332745834,-0.0076371675715485145,0.010144912388172401,-0.024530377489314602,-0.04960462278985044,-0.14026160828960824,-0.03141943274120276,0.012648877052089258,0.19700973851761377,-0.12631051840425606
0.11124188524925424,0.14019457320112003,0.3771604387716203,0.4626131972743502,0.31907604451074106,0.4182811896525573,0.2768731796584902,0.3928711795304353,0.3021871635342207,0.36601256936229803,0.4493983625369642,0.39637855231145025,0.3758079169451364,0.31373298526876525,0.30139453353136425,0.3778613022486625,1.0692247185092234,0.164770521483417,0.10284382461092402,0.4676569200900913,0.3828335665348135,0.35476174620853645,0.14646471738416372,0.3667972962237263,0.33077928680761276,0.16180985551835173,0.36360792735592873,0.4612858409769939,0.3776966870530981,0.4111885259054986,0.35358292755191756,0.327638568798703,0.3149572334522299,0.36449767715677317,0.4010450478264649,0.502948370385655,0.4969270534947682,0.26646816431484094,0.5748783611699454,0.2337585490072609,0.24465946776567632,0.4448126859159517,0.28919489021510053,0.07909257088527959,0.4798145812463307,0.3212588904811028,0.3777215693645127,-0.04995736077931708,0.16357292622605735,0.5875670539060502,-0.1788992231624881,0.042642648467273066,-0.1850474387810935,-0.1167107323621359,-0.11940000962403677,-0.07575478104319323,0.03414249834960186,0.08702204128167458,-0.2149851512528794
0.1714801867801118,0.3505611724783849,0.3866891246495862,0.4469873324511423,0.41790234388807596,0.42119444959188457,0.2804169283530591,0.4185235275494406,0.3066170388026757,0.34919323198179114,0.3441684222715257,0.340484609113532,0.31614410430792356,0.2633155277722786,0.3226901941257044,0.3288727105613953,0.164770521483417,1.1039871340311072,0.16085710222628985,0.048676820995334456,0.30746763443056313,0.41625365052933755,0.6334774469742677,0.2616945036398845,0.3149955644765952,0.6615439319506393,0.2302544400943312,0.2858415383565307,0.507213903136727,0.10250771761075878,0.3795159327845039,0.34306499296869286,0.11635526863761382,0.5086849080239172,0.1965960042711815,0.5266547412857513,0.2514843237342884,0.08417449625867722,0.062396730806707185,0.2191979158785804,0.45203200955838285,0.13467512252798733,0.4488025505072817,0.050360056279141543,0.36454881764499614,0.36225790261462265,0.5675712275308338,-0.05450245534826959,-0.21795995111990693,0.26052093957191785,0.31466344151331743,0.12847003699007017,-0.5107226777888346,-0.13547865183132332,-0.0975173439102491,0.000951089004346694,0.1455779887255841,0.14697300400335087,-0.2712424381991843
0.07509974667389534,-0.11423717077080542,0.32123583086246676,0.1397897457701649,0.2659720557873775,0.30565747625553125,0.08176708000123689,0.27679346092054047,0.153136836747498,0.3041227546138513,0.17923307020961343,0.21155693777221718,0.26286026040311233,0.16778949357445352,0.23475232842135163,0.19060900985839763,0.10284382461092402,0.16085710222628985,1.76800153145155,0.3598421188324259,0.04949285063428052,0.1658607996950156,0.14885545320944077,0.17902100346405786,0.24017428418109296,0.09910306263841064,0.18062265675173594,0.10095422113907862,0.27748809345959924,0.05812303711059515,0.170126934817369,0.13239964757014058,0.20629163529099392,0.329469341445732,0.0841803832339472,0.22930317154029148,0.39685048338098444,0.2058082233605441,0.1423535469377534,0.05503145542641344,0.1933561755680076,0.12285773361253584,0.18417801318156407,0.0021962488829031022,0.20513629409724224,0.18903171257488421,0.13295302631024064,-0.020345238048278796,0.2555825627461402,0.25342414603277663,-0.19140282385887483,0.0684775029511466,0.04535289286347294,-0.08592259257781953,0.03726418579851636,0.03866156038824109,0.0021408633189618433,-0.02464805734963739,0.0031649767398290863
0.08800567440016542,0.02994854817212696,0.5037437900519607,0.39576602740354677,0.386380656770847,0.4663075892927058,0.1608358134460578,0.4470114736581562,0.1744801381514716,0.4538327258906253,0.3795921994419322,0.29252779406910845,0.31851115814507114,0.3050517237617072,0.36802676198714135,0.20608309675307496,0.4676569200900913,0.048676820995334456,0.3598421188324259,2.110705608656639,0.14740300130842535,0.03989640788221552,0.028631314614619163,0.4643985759722295,0.22779553980900039,0.1794934307204296,0.6001188686135258,0.2916863039155485,0.49844960376089137,0.5392710941150802,0.5488749325654045,0.31479410132538976,0.5277561561275987,0.6886347932840978,0.06851192390556976,0.4019986382303936,1.0535676258870963,1.0230993886944528,0.6054682540962738,0.45985429513754933,0.46635492322460664,0.4696115736829081,1.1030445282212886,-0.029277691367177866,1.9472486373429039,0.1386292849710943,0.3861073423070483,-0.02441776813789599,0.06794047479806826,-0.025239494754331522,-0.2879430933811776,-0.016358904317130288,0.19781968058860228,0.032895956601008663,0.09967483433329237,-0.2333145894816176,0.1456244360332824,-0.13288010824161034,0.07073644219631813
0.17742572143645308,0.5194961471672473,0.26469034323088036,0.26475442069862004,0.14634975394310584,0.2397474445859908,0.22163347744052242,0.12386498424729434,0.2832042764773721,0.22113977540240612,0.22801936122794716,0.30259236289258845,0.1844895056410918,0.24852951452139346,0.19890180395170892,0.22607368629316124,0.3828335665348135,0.30746763443056313,0.04949285063428052,0.14740300130842535,1.418079460274953,0.36432345397570043,-0.060295215122310605,0.08316060392232838,0.11783097868787513,-0.07184842451463176,0.16827916305363877,0.26747696467280063,0.17543158925785346,0.2741047775174158,0.3028874751589043,0.26869900271775626,0.03750916408201677,0.1962790645547517,0.2956885543871722,0.25559923540230794,0.11763829686448357,0.11888332431177903,0.5364088505587922,0.30713989714769274,0.2472329797574464,0.19996178549274007,0.130265173284698,0.052120515485834205,0.28259083585107375,0.09028936665609462,0.3569369334727361,0.004046559337489937,-0.0812733009115326,0.26245536805758923,-0.07449300477119383,0.0956289115088213,-0.1991873216302284,-0.06714338421813253,-0.08683697656509645,0.05062181836274206,-0.026383908729552003,0.06763047296433633,-0.14514149337019683
0.13394149665791658,0.19421464992550633,0.33769098882929394,0.4394907258509072,0.33009510982313356,0.3720036566957391,0.2823224048834658,0.335619470193731,0.36851048697798283,0.2175213694720765,0.31786099080121194,0.3030319143750951,0.42568679345149585,0.3409675485375324,0.16047909214863934,0.4424918287308779,0.35476174620853645,0.41625365052933755,0.1658607996950156,0.03989640788221552,0.36432345397570043,0.8854039250725626,0.48505422827088795,0.3166441005440047,0.2469314239891761,0.3552779263239741,0.2650894568439101,0.19328158886699595,0.5113943524886444,0.23686716155735035,0.2267018966210672,0.4007371003792204,0.08707361051920365,0.44339726263839635,0.26413126609459514,0.4811356158455393,0.10969707888625999,0.08385053759283911,0.3108779272634639,0.197359988587197,0.25901277889819146,0.27465944647658924,0.2372945616294867,0.08685792585376437,0.16991353559594397,0.26706719310193544,0.35747095916582905,-0.05589301691087879,0.012477804873322725,0.0775892622903199,0.04252738959003019,-0.032253963432738696,-0.1364341998731318,-0.08597927142420737,-0.10301082312980267,-0.024579629065999926,0.027759931656778248,0.10421769707460367,-0.09742738973743006
0.08927182192572944,-0.25330629518419334,0.3138083602991256,0.5487960523530855,0.404532404717991,0.331653509167176,0.24679241313012523,0.3693725122161988,0.2622212231922099,0.21135770951552998,0.29816789760854995,0.2866734484719102,0.31375044474086095,0.35754311399469546,0.340775004789016,0.3700044591267143,0.14646471738416372,0.6334774469742677,0.14885545320944077,0.028631314614619163,-0.060295215122310605,0.48505422827088795,1.7219610929320586,0.5950302088412224,0.47180065847437624,0.43036010065117114,0.2453473078349821,-0.019265307873978666,0.8291443075731866,0.41218746076224766,-0.0014027039472214646,0.3877321798318822,0.2343846436771743,0.49919334496214857,-0.034608516948937476,0.8014524396447096,0.03298641847300967,0.06805476428458553,0.08694473207120483,0.27230177512421844,0.38881294833837027,0.23901011898383018,0.40439930981209393,0.12656352367781362,0.10141309712738301,0.5107069110511611,0.5321634949601952,-0.11665668799258849,-0.34082922808112887,-0.10087436777745185,0.20269403106464587,0.061152949204799474,0.029448059605987613,-0.08617694489190694,-0.040213189382334084,-0.20858596844581861,0.07982300785967839,0.09627664054585561,0.015334848595718365
0.08025485098236845,-0.08268222590245038,0.3406261250865102,0.5427228013378241,0.34083977167790996,0.3396976167952172,0.2005963679633561,0.3687289836394573,0.2190240691392215,0.2630420348805651,0.31418841564688416,0.2738832585752835,0.34652921873451664,0.42479314040706284,0.2947522440928149,0.366640523651588,0.3667972962237263,0.2616945036398845,0.17902100346405786,0.4643985759722295,0.08316060392232838,0.3166441005440047,0.5950302088412224,1.034712724745099,0.3410828290756668,0.10237736808848177,0.33388337084053804,0.36070915614169835,0.3266963106125589,0.6449283415570598,0.4153247802980979,0.4305286889839452,1.0226988651009141,0.32828367824585,0.10143018171690507,0.7189337422659373,0.552263101810211,0.30482943725598177,0.4517535752346977,0.22937369170006774,0.524719056205664,0.3913345648667041,0.40511317207601993,0.1299296822035656,0.09320756935193675,0.522848563953331,0.4650816705101887,-0.0787252468604744,0.566354236812669,0.09377284299777582,-0.19862864587565046,-0.06395175385320119,0.3241838647984361,-0.148285659615338,0.019362319856900095,-0.3222779190304093,0.15211276839667198,0.03868368007554397,0.06521182638828092
0.12835560411334998,0.10740859784968856,0.3155136738668723,0.3914761205707104,0.3740986540805846,0.39870619900786536,0.24323445371702912,0.3713361518482531,0.21823391037566547,0.34531631309783156,0.32598227125002655,0.3446794998006038,0.32078428119809055,0.28799976193818005,0.34764648818506866,0.33666267643375714,0.33077928680761276,0.3149955644765952,0.24017428418109296,0.22779553980900039,0.11783097868787513,0.2469314239891761,0.47180065847437624,0.3410828290756668,1.209450656162359,0.3633219064857037,0.2812840334486517,0.2211943794082974,0.8035104514231292,0.37806267673116856,0.1458590494863212,0.3036289149381645,0.148521485565302,0.6948058819770643,0.37780743758182395,0.44167778214346476,0.5870161427859136,0.1661651597880114,0.2373876771871259,0.17589688058639627,0.24061463308607794,0.28595464463885795,0.3133564348387837,0.08883153628900275,0.3987369900950555,0.38724203558350656,0.3823392567132512,-0.07531171108771365,0.41108144574235095,-0.42121320250214095,0.04177454102847028,0.21990041009181846,0.09097619344379242,-0.04940430288737376,-0.07567425078762106,0.05379131648537051,0.034471579613488346,0.0935282223672908,-0.16147408512198602
0.12804930081449456,0.43936744705673253,0.6300686581637264,0.45519787569343195,0.6137617732686386,0.6733006180325274,0.28350035026042564,0.7283086408984596,0.5009856308063237,0.4052868583031946,0.5266647769215734,0.29036021588757827,0.5492231520990076,0.3745120261022736,0.4510862311077011,0.35385503161589527,0.16180985551835173,0.6615439319506393,0.09910306263841064,0.1794934307204296,-0.07184842451463176,0.3552779263239741,0.43036010065117114,0.10237736808848177,0.3633219064857037,2.6771281188202387,0.3488825647243755,0.3316228224052606,1.0228166754147752,-0.2995581776207559,0.17951489419391312,0.4907506120949949,-0.2812056157811053,0.7853644587919099,0.4345125335347489,0.704033949332134,0.11432029583595722,0.11020277775804543,-0.9251891655395611,0.11565484561605295,0.7034710652997308,0.3579112565802094,0.40994391033433053,-0.005275175075354381,0.31635764516689674,0.5360782783125844,0.19667525387354975,-0.11531912694935166,-0.35762095864126703,0.04119045023470751,0.4157582602398639,0.30219850314296287,-0.6928478939499856,-0.07440873704850269,-0.1684460530622651,0.07379252037177869,-0.012767980233120042,0.09441386963210112,0.12456754074595645
0.12428958145960979,0.19771468928393926,0.27994257193647815,0.39135863511341784,0.3483796385936451,0.3891681867537959,0.23771831032419435,0.3425508009144881,0.23107855159245175,0.3436915771060211,0.3467293851754222,0.36324039440065337,0.35920861727579306,0.2922076523535053,0.27663976159922216,0.34567264708274853,0.36360792735592873,0.2302544400943312,0.18062265675173594,0.6001188686135258,0.16827916305363877,0.2650894568439101,0.2453473078349821,0.33388337084053804,0.2812840334486517,0.3488825647243755,0.7202877883507346,0.25904999770294584,0.45561401814866054,0.32661310786203485,0.2988012390552318,0.35829502354601717,0.16925040255400106,0.44051397950316395,0.28591003494720374,0.4734612793363302,0.3387907782758003,0.32180271766632607,0.2661318740310558,0.24887220824637213,0.2938837732693702,0.3092447868705153,0.49829695782531364,0.03639770364278746,0.725251885976904,0.19794698063890825,0.31518694177487155,-0.05046603715537219,-0.020381514051661664,-0.008157644625202885,-0.09217267842752917,0.1018572182476479,-0.046588452224177734,0.0027679652975348638,-0.05054892900701397,-0.07055220440693832,0.12319269889542012,0.04551689699389374,-0.12736092049246148
0.10778410503888594,0.2548069961680416,0.37550953786146296,0.1523332868563024,0.08836908628047954,0.2687756087074951,0.14085181264988458,0.24703014667011367,0.22837028570126416,0.3107087178007229,0.25699331058637387,0.14326128362425253,0.25941380590477275,0.18314958329825118,0.2963256763447198,0.2644099241789769,0.4612858409769939,0.2858415383565307,0.10095422113907862,0.2916863039155485,0.26747696467280063,0.19328158886699595,-0.019265307873978666,0.36070915614169835,0.2211943794082974,0.3316228224052606,0.25904999770294584,1.320793549541252,0.2072378033233505,0.317568631914634,0.4625768511507656,0.28453491401237596,0.6812375873843217,0.21904865308710494,0.7788137675533399,0.6064263459718355,0.5353444102160142,0.16431223008495768,0.22350783134108995,0.2191328547095315,0.3755838842014404,0.2930038428180149,0.21404740525842605,0.11767301590384537,0.07499374250072924,0.3807080777835524,0.3121584516574673,-0.05853462073138547,0.4005629987752327,0.5482607497370179,-0.10165833324784054,0.7119888637671496,-0.9513392993287055,-0.1214145831597001,0.17386196538544746,-0.015410618128252609,0.11210273894994306,-0.13621863439772106,0.02705409670169711
0.1807887420999983,0.26093362580676943,0.7580156268990875,0.519340728272833,0.5624093041523114,0.6502532390536806,0.29712595894166544,0.6499379714122361,0.3879214694910846,0.46867247055505173,0.5128592487649167,0.3601784026380995,0.5865312636042705,0.42178916199384237,0.5179517552515349,0.5109750518803031,0.3776966870530981,0.507213903136727,0.27748809345959924,0.49844960376089137,0.17543158925785346,0.5113943524886444,0.8291443075731866,0.3266963106125589,0.8035104514231292,1.0228166754147752,0.45561401814866054,0.2072378033233505,2.756285785751158,0.4189393638568946,-0.03271835996007535,0.5404693996040908,-0.5030247585586454,1.043500736309902,0.47548343209918215,1.1412779092575391,0.3901762364932983,0.20933478750282875,-0.1775289126080967,0.24843265340154294,0.20074130794340284,0.3361673322095061,0.22573123048021487,-0.051460194615238625,1.0432657093832949,0.6311095720464581,0.5618263280056166,-0.23013171525152437,-0.6270086962065295,-0.3189246272470842,0.2967671451152925,0.3559067953425575,-0.4378173275456903,0.08010263515524564,-0.053406998546556186,-0.11823215495637258,-0.0042986203816895874,0.002981658773695597,0.19344327607189024
0.14921250872940342,-0.10784210939218737,0.05661084926681797,0.2980098654791123,0.0977570195183117,0.11586164790393735,0.1273957880064798,0.2504826044603331,0.11199898517040978,0.29316356398102217,0.21904544772841303,0.14730645124625624,0.2447102150565458,0.33542968192666345,0.22133647358038172,0.3436331929580557,0.4111885259054986,0.10250771761075878,0.05812303711059515,0.5392710941150802,0.2741047775174158,0.23686716155735035,0.41218746076224766,0.6449283415570598,0.37806267673116856,-0.2995581776207559,0.32661310786203485,0.317568631914634,0.4189393638568946,2.4284801822416675,0.3734965774480345,0.30978124047307737,0.2963394273943078,-0.1068997110166395,0.5095617440118619,0.8030253143376538,0.6069822409575789,0.35140374867441876,0.8583339366042931,0.4410433684525491,1.0088318038945168,0.4265548704200021,0.9642642767945251,0.19600165504722628,0.6074420052341296,0.4492038370160938,1.1173362561746103,-0.05449490215568442,0.21961743449486879,0.1007207196879163,-0.16121288634976078,-0.19483751618183512,0.32827081091751703,-0.041941818916623984,0.18507437739104715,-0.3606987643633927,0.26463447044397115,-0.005751882170489843,-0.15322835798590664
0.12546718996167774,0.19111008572346455,0.2766404605556075,0.3277201936965939,0.2623102843033331,0.3046144419387636,0.18569319449162416,0.2791686755991269,0.22083727186038,0.3153553311056566,0.28937012426481096,0.2583327298286982,0.25578327402215123,0.24989659926223223,0.24788672020955527,0.24299560048200863,0.35358292755191756,0.3795159327845039,0.170126934817369,0.5488749325654045,0.3028874751589043,0.2267018966210672,-0.0014027039472214646,0.4153247802980979,0.1458590494863212,0.17951489419391312,0.2988012390552318,0.4625768511507656,-0.03271835996007535,0.3734965774480345,1.068688821777899,0.27804710222256246,0.667051749715436,0.289567753324029,0.23163003658696701,0.6011531509501591,0.6931168054620891,0.35921892358461127,0.44116236322770924,0.21733137840116193,0.5768704410102149,0.3025708882212956,0.38995145862702824,0.06259789212069235,0.3865992660711657,0.3685803101094711,0.39289009192364666,-0.030986468588669342,0.4495131954506396,0.36941625404340084,-0.12400661830217431,0.02523056485963039,-0.08811642369359382,-0.16760458315694585,0.011399569209538664,-0.014446006664857373,0.1565938305059548,0.018303941150945052,-0.2325231403189441
0.17167483607790252,0.17926644277835752,0.31349686799565485,0.5175335015960444,0.3769418362661628,0.42361144778374166,0.24969251521811972,0.3463938144830131,0.2957885515001905,0.3331835547971401,0.3322870660312023,0.3566435013625382,0.37486231387137026,0.5128070906445277,0.302836082159978,0.41846839260491153,0.327638568798703,0.34306499296869286,0.13239964757014058,0.31479410132538976,0.26869900271775626,0.4007371003792204,0.3877321798318822,0.4305286889839452,0.3036289149381645,0.4907506120949949,0.35829502354601717,0.28453491401237596,0.5404693996040908,0.30978124047307737,0.27804710222256246,0.7773800406503859,0.07648826180110167,0.43975381872375935,0.23079335981030819,0.6055703946397942,-0.02180596709144823,0.20003825772387426,0.19099935975347163,0.19802935384557457,0.40971453638454536,0.29066797810218503,0.2989731765623732,0.06236035180273563,0.32338045655728914,0.30829187275150755,0.36719164366767054,-0.07467948703724855,0.03176453762902602,0.11936949285793537,0.03794480417306128,0.27401770641742146,-0.3853101705243933,0.004515754176274714,-0.07561631974929026,-0.11364288881068467,0.26251427910583663,0.03233443575783786,-0.17809213197927976
0.02300074485681722,-0.18399291913786572,0.22851235337628983,0.46234030965224354,0.1673048990938675,0.11145702755878062,0.1205431020300061,0.14345865161809432,0.12919816418273147,0.12432695353463369,0.15150905439337892,0.14377208535701386,0.133031781658325,0.23195462581570986,0.16161848601593173,0.10253238125221772,0.3149572334522299,0.11635526863761382,0.20629163529099392,0.5277561561275987,0.03750916408201677,0.08707361051920365,0.2343846436771743,1.0226988651009141,0.148521485565302,-0.2812056157811053,0.16925040255400106,0.6812375873843217,-0.5030247585586454,0.2963394273943078,0.667051749715436,0.07648826180110167,3.2240778642234695,-0.18080857531734923,-0.6305107189598889,0.5190266582858628,1.1792193910243653,0.3733465530966756,0.6527228483244545,0.0357870372530491,0.45212009625847754,0.4173560392028185,0.2904950083065131,0.15907096727201955,-0.9500772654616036,0.7140035340710874,0.22230208671611718,-0.04512476729881996,1.9183812199359378,0.4165495772103658,-0.6284539951268124,-0.3179764186698499,0.9436929438832924,-0.48957134051154033,0.18439266538548987,-0.22015965045197716,0.0511524569249117,-0.1612140721241091,0.18026113889658468
-0.036340614419421,0.3125389988126652,0.62722755403502,0.5673998053113044,0.6230138238206394,0.6595110958091988,0.30964360397372986,0.6411218499390415,0.36549961222367827,0.534214746874402,0.4712675248341356,0.42155310346345526,0.5042369912423584,0.36315000393892316,0.4603106707491132,0.4591015615040281,0.36449767715677317,0.5086849080239172,0.329469341445732,0.6886347932840978,0.1962790645547517,0.44339726263839635,0.49919334496214857,0.32828367824585,0.6948058819770643,0.7853644587919099,0.44051397950316395,0.21904865308710494,1.043500736309902,-0.1068997110166395,0.289567753324029,0.43975381872375935,-0.18080857531734923,2.425103521047907,0.5475312858910555,0.25875912238489873,0.9852741075074614,0.3258149978931317,-0.1821598404632725,0.13302711637018327,0.39051115476191,0.35055912429710123,0.6101722253767654,0.09001552144712575,1.077301847817201,0.33939291899130714,0.32643422555043716,-0.045215487426013785,0.980600058057857,-0.42984950618631124,0.2389894877460259,0.1827894349310989,-0.13299463194656116,-0.013690645749076018,-0.23810814525226517,0.09330703120543841,-0.12601042384310293,0.12096464206329129,0.1597151744749592
0.1497816743073086,0.3333481360017763,0.36766228018303776,-0.12256617461804556,0.03902388647987749,0.28432919692354297,0.14698045488835432,0.34294592872134233,0.22548191239311077,0.3475835514272651,0.3226261531806734,0.21050537324532156,0.33411729884039465,0.20602522319472044,0.2543961086294555,0.42906839230828864,0.4010450478264649,0.1965960042711815,0.0841803832339472,0.06851192390556976,0.2956885543871722,0.26413126609459514,-0.034608516948937476,0.10143018171690507,0.37780743758182395,0.4345125335347489,0.28591003494720374,0.7788137675533399,0.47548343209918215,0.5095617440118619,0.23163003658696701,0.23079335981030819,-0.6305107189598889,0.5475312858910555,2.2095451801221864,0.41433003574727234,0.22169027392128418,-0.00767628363353369,0.13808028308306358,0.4863092817585474,0.11925700953370229,0.29557803882800354,0.14632159381100146,0.0987486202974364,0.5901574746144105,0.12675160696854,0.3522313684822815,-0.04861117099403573,0.0765586279400002,-0.10762679570512328,-0.10334503179805733,0.14630793295861358,-0.13526529833366696,0.15056241402947654,0.08556844121210185,0.062049360419660374,0.040009772340255816,0.005530940179250454,-0.11635041503759844
0.24021220257038736,0.11168213018943242,0.6837045278091856,0.5498532357176175,0.39383442395609036,0.4269153853164282,0.29665135181257707,0.4994613411753265,0.39894598550296373,0.4715182383367119,0.4712193067293697,0.3560489687079335,0.5084515046775739,0.5098461012011103,0.44905329736541005,0.4832087127842427,0.502948370385655,0.5266547412857513,0.22930317154029148,0.4019986382303936,0.25559923540230794,0.4811356158455393,0.8014524396447096,0.7189337422659373,0.44167778214346476,0.704033949332134,0.4734612793363302,0.6064263459718355,1.1412779092575391,0.8030253143376538,0.6011531509501591,0.6055703946397942,0.5190266582858628,0.25875912238489873,0.41433003574727234,3.114417009977096,0.20694083261713012,0.3271197106276284,0.12401306990890083,0.3674147591713789,0.8978740775281322,0.5251497914877665,-0.05917741363960404,-0.08141197786943036,0.5592319103723207,1.1940042877955195,0.5707253560345811,-0.3936363604408732,-2.3375916968510873,0.21993024390239874,0.18392133524622775,0.0394343031036171,-0.0911565282441963,-0.1646283696822622,0.1540463406590854,-0.1959117492887734,0.1697312794956259,-0.15213174454682568,0.015295672265859395
-0.01547002384940857,0.125882648108439,0.5883097521243357,0.33498667748911365,0.3699472877688014,0.3803834304749654,0.12609522452385186,0.5136987329022152,0.20505048311111568,0.4086597962070656,0.3394864937267337,0.14427035010490782,0.3277449800171663,0.160922530178995,0.38390911038660025,0.23268544645134434,0.4969270534947682,0.2514843237342884,0.39685048338098444,1.0535676258870963,0.11763829686448357,0.10969707888625999,0.03298641847300967,0.552263101810211,0.5870161427859136,0.11432029583595722,0.3387907782758003,0.5353444102160142,0.3901762364932983,0.6069822409575789,0.6931168054620891,-0.02180596709144823,1.1792193910243653,0.9852741075074614,0.22169027392128418,0.20694083261713012,4.410761412854343,0.7071494692299987,0.5334888185453187,0.09324672353714133,0.7020187689364787,0.5067473684395263,0.6382944459235417,0.015668147221886187,1.4625583382535323,0.7839864139632826,0.5610209836682447,0.02561069252170627,2.631873219351213,0.3822577232994447,-0.2561176134852042,-0.11725213513266632,0.44169338769110517,-0.400668154274002,0.05769336668204668,-0.07023721998322045,-0.187373447506581,-0.1042401853712679,0.46066892830975087
0.07412673901758912,0.018169318206438818,0.3378813685223547,0.2646736856398656,0.22442206394028275,0.27349674876765573,0.10948270774563003,0.2609031326919591,0.11951586624488804,0.24348616861653163,0.2179748527342031,0.17454201762226682,0.20176527681712764,0.19740104652845533,0.20357238176014308,0.14643815917119204,0.26646816431484094,0.08417449625867722,0.2058082233605441,1.0230993886944528,0.11888332431177903,0.08385053759283911,0.06805476428458553,0.30482943725598177,0.1661651597880114,0.11020277775804543,0.32180271766632607,0.16431223008495768,0.20933478750282875,0.35140374867441876,0.35921892358461127,0.20003825772387426,0.3733465530966756,0.3258149978931317,-0.00767628363353369,0.3271197106276284,0.7071494692299987,0.9055410790441868,0.30531273429316164,0.23720960278873082,0.3347206386078912,0.2744157064397013,0.5648599031662874,-0.004355092816477652,1.1322884317545423,0.1654578101883787,0.2756681645011503,-0.02998848181984855,-0.12692030959989611,0.01707059311268509,-0.18439461515190164,-0.00827610812147437,0.14887538932847236,-0.024133518628866795,0.06621358493672193,-0.16269469788809643,0.10131758618648093,-0.0781524051830523,0.02647539301211674
0.1709459419178609,-0.03392402196796877,0.13306236117392417,0.38217076044957105,0.12338308953557543,0.21171240763778287,0.2512475335100576,0.15485167715682766,0.1484270445571045,0.2179919164482842,0.24464129967364434,0.3369352142137043,0.18249506287369885,0.22537090451458575,0.10458908926430555,0.24002168641282018,0.5748783611699454,0.062396730806707185,0.1423535469377534,0.6054682540962738,0.5364088505587922,0.3108779272634639,0.08694473207120483,0.4517535752346977,0.2373876771871259,-0.9251891655395611,0.2661318740310558,0.22350783134108995,-0.1775289126080967,0.8583339366042931,0.44116236322770924,0.19099935975347163,0.6527228483244545,-0.1821598404632725,0.13808028308306358,0.12401306990890083,0.5334888185453187,0.30531273429316164,2.749924332841408,0.3988384815011724,-0.011026643954384865,0.2678873545046823,0.40065661633578675,0.20943461871580132,0.6952763551274055,-0.1160718446677704,0.47716989411457095,0.08260535892187383,1.1305814755448012,0.6935997629757252,-0.7341318118591584,-0.23352033821426307,0.4138444695113941,-0.19874131029769385,0.17373159070319308,-0.21904221460777137,0.17686967686694494,-0.03527794310672524,-0.38557043280673026
0.0841460172494565,0.12486971895856462,0.03970773827221918,0.15336959631229435,0.18370008198015564,0.16521829881283678,0.11194467688454161,0.20384271832813153,0.14140950776861416,0.18278159186105025,0.2084158215481045,0.18200772867432388,0.18832467367707614,0.21137143106034165,0.14690890937668416,0.24208419065339,0.2337585490072609,0.2191979158785804,0.05503145542641344,0.45985429513754933,0.30713989714769274,0.197359988587197,0.27230177512421844,0.22937369170006774,0.17589688058639627,0.11565484561605295,0.24887220824637213,0.2191328547095315,0.24843265340154294,0.4410433684525491,0.21733137840116193,0.19802935384557457,0.0357870372530491,0.13302711637018327,0.4863092817585474,0.3674147591713789,0.09324672353714133,0.23720960278873082,0.3988384815011724,1.0688259927410038,0.27625313911666294,0.22165185457582026,0.5975687184305725,-0.01632798934714637,0.7407797142273628,0.14396020110873003,0.34019601901780466,-0.025702149829025526,0.0036754307903812964,-0.2922222841994854,0.28205142795491517,-0.20013272668126103,0.11969971096051435,0.082678719775449,-0.1118075981664829,-0.09361947573732428,0.12579382819948232,0.10657190581183014,-0.07613706515592068
0.09688805607239245,0.13052666396395443,0.31017448764008826,0.3947027389657168,0.32141002628611354,0.2770062693290174,0.1354112824867183,0.4230111622428196,0.2500414908086098,0.3566598811571462,0.2909702864880554,0.12677242507307893,0.3416520384755225,0.3851889041640013,0.30404547227404377,0.30267228738055096,0.24465946776567632,0.45203200955838285,0.1933561755680076,0.46635492322460664,0.2472329797574464,0.25901277889819146,0.38881294833837027,0.524719056205664,0.24061463308607794,0.7034710652997308,0.2938837732693702,0.3755838842014404,0.20074130794340284,1.0088318038945168,0.5768704410102149,0.40971453638454536,0.45212009625847754,0.39051115476191,0.11925700953370229,0.8978740775281322,0.7020187689364787,0.3347206386078912,-0.011026643954384865,0.27625313911666294,3.5219672689184107,0.19699505834137082,0.6545120379268036,-0.0745287832941764,-0.008840259687513077,1.0443010873843905,0.7316067748169731,0.001983180052920559,1.0661251253124282,0.13998551039521373,0.36985226735038396,-0.13200991750660504,-0.06674382192007462,-0.1502776532036875,-0.021111816392464955,-0.12489270620748316,0.0792003756924595,0.02129293958628954,0.12784979187221465
0.10089993264179514,0.08702069556812607,0.3080022557719154,0.32831016815590186,0.35720720418402296,0.3643115592886641,0.17482367706048885,0.359076894806191,0.22533682164120583,0.27461088817656243,0.33338300341403004,0.24423728696551014,0.3187475518120423,0.2979809813731842,0.29677540749264736,0.3407459096121865,0.4448126859159517,0.13467512252798733,0.12285773361253584,0.4696115736829081,0.19996178549274007,0.27465944647658924,0.23901011898383018,0.3913345648667041,0.28595464463885795,0.3579112565802094,0.3092447868705153,0.2930038428180149,0.3361673322095061,0.4265548704200021,0.3025708882212956,0.29066797810218503,0.4173560392028185,0.35055912429710123,0.29557803882800354,0.5251497914877665,0.5067473684395263,0.2744157064397013,0.2678873545046823,0.22165185457582026,0.19699505834137082,1.2185452249509365,0.35421315600529524,-0.0011177436945548533,0.8376985508805144,0.2743415903913435,0.3399165253376118,-0.07400524857418919,-0.5856011235937563,0.03178232040131866,-0.06410241237336449,-0.1567319492301248,0.14251637846468942,-0.00960439216939103,0.1427363569394177,-0.17582294501285956,0.05777445512495034,-0.08474749664570362,0.1574337337833851
0.07788852593330223,0.010057629220265808,0.22632624092306813,0.4370286775870124,0.2770711593257576,0.32196311953814216,0.1994699754903387,0.3572054246103639,0.19481341899651627,0.3534244274429058,0.27372986207557465,0.2739196955030868,0.27960133227469125,0.30162472445885574,0.2406449626848188,0.3127653852409504,0.28919489021510053,0.4488025505072817,0.18417801318156407,1.1030445282212886,0.130265173284698,0.2372945616294867,0.40439930981209393,0.40511317207601993,0.3133564348387837,0.40994391033433053,0.49829695782531364,0.21404740525842605,0.22573123048021487,0.9642642767945251,0.38995145862702824,0.2989731765623732,0.2904950083065131,0.6101722253767654,0.14632159381100146,-0.05917741363960404,0.6382944459235417,0.5648599031662874,0.40065661633578675,0.5975687184305725,0.6545120379268036,0.35421315600529524,3.6383344357602105,0.07233982049299449,2.054539763582203,-0.02002927879502008,0.6870269359224344,0.09515464260091434,0.032670692868992934,-0.20095113307081225,0.12055832172598492,-0.009872304484602815,-0.06446460628469151,-0.009517138803501898,-0.03658207250436298,-0.1569774515749797,0.21539901551736393,0.07924226568705524,-0.19620609307878634
0.0016675780666436165,0.02259031799969418,0.024044714455759172,0.13149245956973918,0.06548154183528407,0.07511785379448545,0.044163923521039525,0.08058129584333014,0.03970831218751232,0.03166922262565432,0.053303484644412646,0.058033548476101225,0.05620190525023139,0.07670887802592208,0.05414469432816612,0.09073349710430897,0.07909257088527959,0.050360056279141543,0.0021962488829031022,-0.029277691367177866,0.052120515485834205,0.08685792585376437,0.12656352367781362,0.1299296822035656,0.08883153628900275,-0.005275175075354381,0.03639770364278746,0.11767301590384537,-0.051460194615238625,0.19600165504722628,0.06259789212069235,0.06236035180273563,0.15907096727201955,0.09001552144712575,0.0987486202974364,-0.08141197786943036,0.015668147221886187,-0.004355092816477652,0.20943461871580132,-0.01632798934714637,-0.0745287832941764,-0.0011177436945548533,0.07233982049299449,0.7365526893365063,-0.6904759567809137,0.07538729785385381,0.11930343871636291,0.002410800871577542,0.7004685922249354,0.10421280837879322,-0.11392292061538038,0.019440874627161306,0.03685655055738005,-0.03868831174504887,-0.11493119766737794,-0.0278763852995434,-0.010044383315014034,0.09878021825975708,0.05022554136760966
0.23020084345496405,0.03761275291890452,0.7230600022306931,0.22250559123312114,0.2875028006410511,0.42506782596616977,0.24086550567494042,0.4064677922963686,0.22134749627994857,0.5831038420375007,0.3919006187688692,0.374117708859706,0.3453279826777289,0.23739182901474226,0.23403932345140202,0.2778186438871391,0.4798145812463307,0.36454881764499614,0.20513629409724224,1.9472486373429039,0.28259083585107375,0.16991353559594397,0.10141309712738301,0.09320756935193675,0.3987369900950555,0.31635764516689674,0.725251885976904,0.07499374250072924,1.0432657093832949,0.6074420052341296,0.3865992660711657,0.32338045655728914,-0.9500772654616036,1.077301847817201,0.5901574746144105,0.5592319103723207,1.4625583382535323,1.1322884317545423,0.6952763551274055,0.7407797142273628,-0.008840259687513077,0.8376985508805144,2.054539763582203,-0.6904759567809137,9.339578373813533,-1.337170424365315,0.47778836971168426,0.0355874908750035,-5.871604140143039,-1.0466592561143444,0.9817512828931275,-0.6016956621604677,-0.28480293970275916,0.6493761221906867,0.520764080958804,-0.3905428166409122,0.40848679826011314,-0.3848648326426768,-0.4124110204853918
0.15386956600789167,0.05290618005914819,0.5763901218260119,0.4244375005774027,0.29396488223236616,0.2516047503518852,0.18933904394717438,0.3802246780459811,0.26376728542878214,0.2934551349423272,0.31192894044528596,0.18814125080960506,0.3295725440367554,0.29541564397420705,0.3058504581216286,0.25845538387429084,0.3212588904811028,0.36225790261462265,0.18903171257488421,0.1386292849710943,0.09028936665609462,0.26706719310193544,0.5107069110511611,0.522848563953331,0.38724203558350656,0.5360782783125844,0.19794698063890825,0.3807080777835524,0.6311095720464581,0.4492038370160938,0.3685803101094711,0.30829187275150755,0.7140035340710874,0.33939291899130714,0.12675160696854,1.1940042877955195,0.7839864139632826,0.1654578101883787,-0.1160718446677704,0.14396020110873003,1.0443010873843905,0.2743415903913435,-0.02002927879502008,0.07538729785385381,-1.337170424365315,2.765813131988236,0.3648502236190655,-0.35143747409863646,-1.024053590293847,0.25013229456714636,0.31357203873603445,0.20040817207387412,0.1136671922497223,-0.4846077710055258,0.10725350590548537,-0.20180090518687455,0.23334765812695057,-0.07308921879510226,-0.13016850574542757
0.16826491112033276,0.09736924162913035,0.26442748818358774,0.42800250293971576,0.2811318418490548,0.2871607069743074,0.22131805880628447,0.3469038018403515,0.23567524438667636,0.3964104420853481,0.31505651969870924,0.2915042132903571,0.3050613509204287,0.339464990864995,0.29302769804844825,0.37074276090843183,0.3777215693645127,0.5675712275308338,0.13295302631024064,0.3861073423070483,0.3569369334727361,0.35747095916582905,0.5321634949601952,0.4650816705101887,0.3823392567132512,0.19667525387354975,0.31518694177487155,0.3121584516574673,0.5618263280056166,1.1173362561746103,0.39289009192364666,0.36719164366767054,0.22230208671611718,0.32643422555043716,0.3522313684822815,0.5707253560345811,0.5610209836682447,0.2756681645011503,0.47716989411457095,0.34019601901780466,0.7316067748169731,0.3399165253376118,0.6870269359224344,0.11930343871636291,0.47778836971168426,0.3648502236190655,1.5009609079786241,-0.04060409635733259,-0.43085447111892294,0.19094383433505588,0.03471572614708298,-0.0011069214839148985,-0.10002601459749202,-0.08699620271317987,0.07309329751163893,-0.18818380456202394,0.226439856081491,0.03504287350106621,-0.2678377534324424
-0.03495171299346229,-0.002323938156847705,-0.10148766247172997,-0.05721362965236872,-0.05017815986265318,-0.061559214343925306,-0.032605834202538805,-0.06151152433817687,-0.04642481869941332,-0.056622853982996144,-0.05696516570766919,-0.03978778591951094,-0.06191491713197097,-0.05862820776883435,-0.05865155747625496,-0.057455160504663205,-0.04995736077931708,-0.05450245534826959,-0.020345238048278796,-0.02441776813789599,0.004046559337489937,-0.05589301691087879,-0.11665668799258849,-0.0787252468604744,-0.07531171108771365,-0.11531912694935166,-0.05046603715537219,-0.05853462073138547,-0.23013171525152437,-0.05449490215568442,-0.030986468588669342,-0.07467948703724855,-0.04512476729881996,-0.045215487426013785,-0.04861117099403573,-0.3936363604408732,0.02561069252170627,-0.02998848181984855,0.08260535892187383,-0.025702149829025526,0.001983180052920559,-0.07400524857418919,0.09515464260091434,0.002410800871577542,0.0355874908750035,-0.35143747409863646,-0.04060409635733259,0.7285865362729483,0.5870372323726494,0.009859743479411605,-0.0072505185866236785,0.01573604834832527,0.013434434944554718,-0.025801858337131337,-0.022660896258462505,0.027121192221705646,-0.04543465045507768,0.022359571461354418,0.023278224815674393
-0.10706294742781762,0.05178391635702318,-0.6229958609806971,0.3219622071175654,0.275707141889383,0.331984904375665,0.09673230245192102,0.27378099363485286,-0.004870897703240131,0.07474621109637541,0.10814160571868732,0.07116207010785904,0.10195200185811658,0.11957201238072032,0.14921258336457047,0.13189563737149482,0.16357292622605735,-0.21795995111990693,0.2555825627461402,0.06794047479806826,-0.0812733009115326,0.012477804873322725,-0.34082922808112887,0.566354236812669,0.41108144574235095,-0.35762095864126703,-0.020381514051661664,0.4005629987752327,-0.6270086962065295,0.21961743449486879,0.4495131954506396,0.03176453762902602,1.9183812199359378,0.980600058057857,0.0765586279400002,-2.3375916968510873,2.631873219351213,-0.12692030959989611,1.1305814755448012,0.0036754307903812964,1.0661251253124282,-0.5856011235937563,0.032670692868992934,0.7004685922249354,-5.871604140143039,-1.024053590293847,-0.43085447111892294,0.5870372323726494,26.156999984998105,0.9668077533293541,-1.8710650783684333,0.313172279329996,0.7410896227453287,-0.47772000772221257,-0.8187979451568604,0.19307034661977954,0.7185745430806314,0.8016836949516198,-1.0093986462506415
0.024256630188919704,-0.10318535351827395,0.22099253728767393,0.19139296384568621,-0.11706532212339299,0.20472743337872024,0.03179740919286961,0.1823548090767799,0.02686196165440449,0.07791661979035781,0.06674905768367981,-0.006629298518914481,0.0819681275074035,0.07539742489090508,0.1724469136534414,-0.05160351332745834,0.5875670539060502,0.26052093957191785,0.25342414603277663,-0.025239494754331522,0.26245536805758923,0.0775892622903199,-0.10087436777745185,0.09377284299777582,-0.42121320250214095,0.04119045023470751,-0.008157644625202885,0.5482607497370179,-0.3189246272470842,0.1007207196879163,0.36941625404340084,0.11936949285793537,0.4165495772103658,-0.42984950618631124,-0.10762679570512328,0.21993024390239874,0.3822577232994447,0.01707059311268509,0.6935997629757252,-0.2922222841994854,0.13998551039521373,0.03178232040131866,-0.20095113307081225,0.10421280837879322,-1.0466592561143444,0.25013229456714636,0.19094383433505588,0.009859743479411605,0.9668077533293541,5.278789996962343,-1.6499266106972248,-0.5024790659487333,-1.601672466770595,-0.45720656131710774,0.05724819725629753,-0.07063250182918215,0.03920575077986504,-0.010612206770731788,-0.0966217080201613
-0.0021245829763648343,0.19886666431460442,0.011050563501752047,-0.044909898526556365,0.09652550719995298,-0.28765771815836066,-0.022118193653510622,-0.03802796560800809,0.06803073731829531,-0.010419707280381978,-0.015458364059800722,-0.06327581107102591,-0.008183571230784784,-0.022918523090619064,-0.09261714494701626,-0.0076371675715485145,-0.1788992231624881,0.31466344151331743,-0.19140282385887483,-0.2879430933811776,-0.07449300477119383,0.04252738959003019,0.20269403106464587,-0.19862864587565046,0.04177454102847028,0.4157582602398639,-0.09217267842752917,-0.10165833324784054,0.2967671451152925,-0.16121288634976078,-0.12400661830217431,0.03794480417306128,-0.6284539951268124,0.2389894877460259,-0.10334503179805733,0.18392133524622775,-0.2561176134852042,-0.18439461515190164,-0.7341318118591584,0.28205142795491517,0.36985226735038396,-0.06410241237336449,0.12055832172598492,-0.11392292061538038,0.9817512828931275,0.31357203873603445,0.03471572614708298,-0.0072505185866236785,-1.8710650783684333,-1.6499266106972248,2.99998932047319,-0.4783703275019341,-0.446259534658628,-0.04928942192323683,-0.06943219248414895,0.021355757124751275,0.08804062650092799,0.010653027656468412,-0.04995215098213668
0.041481315263318816,0.2704911684639794,0.27763763214698817,0.12549619158411746,0.032198195745880905,0.2523312880001378,0.10023797213552807,0.03670617004307542,0.12610165918590635,0.14660503551408513,0.09670321750455585,0.04067088096557839,0.08406348370658744,-0.09690913243800424,0.28640256540544595,0.010144912388172401,0.042642648467273066,0.12847003699007017,0.0684775029511466,-0.016358904317130288,0.0956289115088213,-0.032253963432738696,0.061152949204799474,-0.06395175385320119,0.21990041009181846,0.30219850314296287,0.1018572182476479,0.7119888637671496,0.3559067953425575,-0.19483751618183512,0.02523056485963039,0.27401770641742146,-0.3179764186698499,0.1827894349310989,0.14630793295861358,0.0394343031036171,-0.11725213513266632,-0.00827610812147437,-0.23352033821426307,-0.20013272668126103,-0.13200991750660504,-0.1567319492301248,-0.009872304484602815,0.019440874627161306,-0.6016956621604677,0.20040817207387412,-0.0011069214839148985,0.01573604834832527,0.313172279329996,-0.5024790659487333,-0.4783703275019341,4.22951527146833,-2.2290749468809063,-0.4841935135595817,0.07603364186177801,0.13857033133670008,0.09881237335360116,-0.13301253774163777,-0.045127624503244264
-0.05144920267393836,-0.37239619557267484,-0.22307562683382118,-0.04937567137466851,0.029492100815716668,-0.2698912934769877,-0.08839864119915622,-0.025995406746098418,-0.14556706662446858,-0.18112820886199538,-0.04697341659829163,0.010113437061780405,-0.08594307878041929,0.08888955881152884,-0.2703701031789373,-0.024530377489314602,-0.1850474387810935,-0.5107226777888346,0.04535289286347294,0.19781968058860228,-0.1991873216302284,-0.1364341998731318,0.029448059605987613,0.3241838647984361,0.09097619344379242,-0.6928478939499856,-0.046588452224177734,-0.9513392993287055,-0.4378173275456903,0.32827081091751703,-0.08811642369359382,-0.3853101705243933,0.9436929438832924,-0.13299463194656116,-0.13526529833366696,-0.0911565282441963,0.44169338769110517,0.14887538932847236,0.4138444695113941,0.11969971096051435,-0.06674382192007462,0.14251637846468942,-0.06446460628469151,0.03685655055738005,-0.28480293970275916,0.1136671922497223,-0.10002601459749202,0.013434434944554718,0.7410896227453287,-1.601672466770595,-0.446259534658628,-2.2290749468809063,4.071580962686386,0.005898631571724436,-0.06220429460473504,-0.16153864012998354,-0.19153100611148147,0.11538433491419992,0.17021914782552597
-0.006751755959362191,-0.05643483917704031,-0.18465814566479713,-0.2530456102040785,-0.026285736037598557,0.021390735905272986,-0.1172822037771949,-0.06215105621939756,-0.08488943685900419,-0.00836884882141684,-0.053487087078758114,-0.0684593108368126,-0.07388363940830685,-0.01959319772756958,-0.04846396641825942,-0.04960462278985044,-0.1167107323621359,-0.13547865183132332,-0.08592259257781953,0.032895956601008663,-0.06714338421813253,-0.08597927142420737,-0.08617694489190694,-0.148285659615338,-0.04940430288737376,-0.07440873704850269,0.0027679652975348638,-0.1214145831597001,0.08010263515524564,-0.041941818916623984,-0.16760458315694585,0.004515754176274714,-0.48957134051154033,-0.013690645749076018,0.15056241402947654,-0.1646283696822622,-0.400668154274002,-0.024133518628866795,-0.19874131029769385,0.082678719775449,-0.1502776532036875,-0.00960439216939103,-0.009517138803501898,-0.03868831174504887,0.6493761221906867,-0.4846077710055258,-0.08699620271317987,-0.025801858337131337,-0.47772000772221257,-0.45720656131710774,-0.04928942192323683,-0.4841935135595817,0.005898631571724436,0.850124374964855,0.007787272415841927,-0.008459815855174191,0.043203370890304786,-0.010872130276113182,0.02659049978637066
0.14488965399493703,-0.5115018269361187,0.24833476930877385,-0.25182154924392086,-0.22077900351999943,-0.17631788234871346,-0.042227856210740246,-0.16668322439334718,-0.04451907800330493,0.16786946920093193,-0.12167331510236121,-0.17117845371244006,-0.06413155057210423,-0.13297138911666834,-0.05480847293053441,-0.14026160828960824,-0.11940000962403677,-0.0975173439102491,0.03726418579851636,0.09967483433329237,-0.08683697656509645,-0.10301082312980267,-0.040213189382334084,0.019362319856900095,-0.07567425078762106,-0.1684460530622651,-0.05054892900701397,0.17386196538544746,-0.053406998546556186,0.18507437739104715,0.011399569209538664,-0.07561631974929026,0.18439266538548987,-0.23810814525226517,0.08556844121210185,0.1540463406590854,0.05769336668204668,0.06621358493672193,0.17373159070319308,-0.1118075981664829,-0.021111816392464955,0.1427363569394177,-0.03658207250436298,-0.11493119766737794,0.520764080958804,0.10725350590548537,0.07309329751163893,-0.022660896258462505,-0.8187979451568604,0.05724819725629753,-0.06943219248414895,0.07603364186177801,-0.06220429460473504,0.007787272415841927,2.40060615170582,-0.5819687006187773,0.10651730477644938,-1.6460089823310178,0.9416245131479729
-0.06163140998410561,0.20277973269841493,-0.20726274868603553,-0.1047770379137156,-0.11664140335611374,-0.08725166715390643,0.027310852046926123,-0.18185504354046825,0.10255336346145644,-0.004522602486107577,-0.04233444454433044,0.04786619786045781,-0.09624257152577616,-0.12202564669345753,0.02917126363318296,-0.03141943274120276,-0.07575478104319323,0.000951089004346694,0.03866156038824109,-0.2333145894816176,0.05062181836274206,-0.024579629065999926,-0.20858596844581861,-0.3222779190304093,0.05379131648537051,0.07379252037177869,-0.07055220440693832,-0.015410618128252609,-0.11823215495637258,-0.3606987643633927,-0.014446006664857373,-0.11364288881068467,-0.22015965045197716,0.09330703120543841,0.062049360419660374,-0.1959117492887734,-0.07023721998322045,-0.16269469788809643,-0.21904221460777137,-0.09361947573732428,-0.12489270620748316,-0.17582294501285956,-0.1569774515749797,-0.0278763852995434,-0.3905428166409122,-0.20180090518687455,-0.18818380456202394,0.027121192221705646,0.19307034661977954,-0.07063250182918215,0.021355757124751275,0.13857033133670008,-0.16153864012998354,-0.008459815855174191,-0.5819687006187773,1.1122770755889468,-0.3762975586136095,0.5073136768935961,-0.9170111589106464
0.2222037256289902,-0.03801946563631877,-0.034278063975111996,0.018409184498795823,0.009044675277447532,0.033513225036268586,0.029510273878270998,0.05884248496071339,0.047852300535372455,0.2866612355966022,0.04850844500333729,0.028231768902388352,0.045637881911839415,0.09758550836808078,0.004624576259266853,0.012648877052089258,0.03414249834960186,0.1455779887255841,0.0021408633189618433,0.1456244360332824,-0.026383908729552003,0.027759931656778248,0.07982300785967839,0.15211276839667198,0.034471579613488346,-0.012767980233120042,0.12319269889542012,0.11210273894994306,-0.0042986203816895874,0.26463447044397115,0.1565938305059548,0.26251427910583663,0.0511524569249117,-0.12601042384310293,0.040009772340255816,0.1697312794956259,-0.187373447506581,0.10131758618648093,0.17686967686694494,0.12579382819948232,0.0792003756924595,0.05777445512495034,0.21539901551736393,-0.010044383315014034,0.40848679826011314,0.23334765812695057,0.226439856081491,-0.04543465045507768,0.7185745430806314,0.03920575077986504,0.08804062650092799,0.09881237335360116,-0.19153100611148147,0.043203370890304786,0.10651730477644938,-0.3762975586136095,1.7552440204330606,-0.5693888598994787,-0.7776995821340694
-0.003868868995305795,0.30850233149739364,-0.34242987847140705,0.2761204431748867,0.210160571546107,0.183263842786986,0.10050922339322607,0.23446914038992325,-0.023902766457902666,-0.31076398259259697,0.11507117947198171,0.1459687608027905,0.02532560313324708,0.1467644618207247,0.06609188971875056,0.19700973851761377,0.08702204128167458,0.14697300400335087,-0.02464805734963739,-0.13288010824161034,0.06763047296433633,0.10421769707460367,0.09627664054585561,0.03868368007554397,0.0935282223672908,0.09441386963210112,0.04551689699389374,-0.13621863439772106,0.002981658773695597,-0.005751882170489843,0.018303941150945052,0.03233443575783786,-0.1612140721241091,0.12096464206329129,0.005530940179250454,-0.15213174454682568,-0.1042401853712679,-0.0781524051830523,-0.03527794310672524,0.10657190581183014,0.02129293958628954,-0.08474749664570362,0.07924226568705524,0.09878021825975708,-0.3848648326426768,-0.07308921879510226,0.03504287350106621,0.022359571461354418,0.8016836949516198,-0.010612206770731788,0.010653027656468412,-0.13301253774163777,0.11538433491419992,-0.010872130276113182,-1.6460089823310178,0.5073136768935961,-0.5693888598994787,2.6388644856530066,-1.7789345334951385
-0.3195767053438389,-0.035597904426707794,0.345600155058046,-0.2804180541034415,0.07433345190317356,-0.007881796567010923,-0.30841585505066477,0.12025900782109179,-0.13128378330469073,-0.08353843240547679,-0.12488105785885044,-0.3720448238530457,0.059461996799587795,-0.07528124303931485,-0.023438031692043948,-0.12631051840425606,-0.2149851512528794,-0.2712424381991843,0.0031649767398290863,0.07073644219631813,-0.14514149337019683,-0.09742738973743006,0.015334848595718365,0.06521182638828092,-0.16147408512198602,0.12456754074595645,-0.12736092049246148,0.02705409670169711,0.19344327607189024,-0.15322835798590664,-0.2325231403189441,-0.17809213197927976,0.18026113889658468,0.1597151744749592,-0.11635041503759844,0.015295672265859395,0.46066892830975087,0.02647539301211674,-0.38557043280673026,-0.07613706515592068,0.12784979187221465,0.1574337337833851,-0.19620609307878634,0.05022554136760966,-0.4124110204853918,-0.13016850574542757,-0.2678377534324424,0.023278224815674393,-1.0093986462506415,-0.0966217080201613,-0.04995215098213668,-0.045127624503244264,0.17021914782552597,0.02659049978637066,0.9416245131479729,-0.9170111589106464,-0.7776995821340694,-1.7789345334951385,4.0134405076925495
