0.45059485710419594,0.20057185147308773,0.28846957877235696,0.044967954825977534,0.083833536349779,0.09031167564367225,0.11298557339562758,0.10278437930761376,0.09001844334593423,0.12239595528262635,0.08508187708870073,0.09831670092590261,0.08442639618336507,0.10282376757936343,0.08766908712574395,0.06271182011021356,0.05501157472469256,0.10974301954417479,0.08450847822072824,0.06906099406676695,0.07889032560639114,0.0934555457439549,0.05397416113305933,0.0241422490163031,0.1082467510910145,0.06171738466434254,0.10893121800666065,0.07186220660898071,0.09885762323640988,0.1760626621034021,0.09201640562145127,0.06958702124565536,0.03214204332271754,-0.0346682136043907,0.11000242669182748,0.10209015896343249,0.10820575957416564,0.037993066495158045,0.12006166434828151,0.06383093314249202,0.10263144993369235,0.06529365629551076,0.09985819980174157,0.06384415535672466,0.07840537730540773,0.05688675325603568,0.13356027932312292,-0.003302836123432537,0.22718578319290914,0.008723650893884136,0.001156360480954851,-0.0197679248917806,-0.0016239842416348458,-0.004800813204227053,0.009316076863313493,-0.021127753636067417,0.07426193879995092,0.05620732396562202,-0.13299044207023938
0.20057185147308773,2.984647602215503,1.451860971485141,0.548456920849445,0.3941274887781167,0.15969276324787704,0.3918230154197826,0.4415411352073633,0.45768593048999756,0.4785952086290978,0.4613860417963279,0.3820867015375779,0.567514505780229,0.35284556882866885,0.6462208210871261,0.3402075850175161,0.5449904789347283,0.35380857633131557,0.32879256549412184,0.6985496095905331,0.5011772891970581,0.36920581952405795,-0.04152184972284649,0.3364580994886711,0.42828117909888896,0.38913110197490897,0.8120122176290065,0.5614797068239138,0.572006656842682,0.7407828520624778,0.5567024535978313,0.5234001437403558,0.6389068370052539,0.47913886341650663,0.5251186180531989,0.696979538755083,1.0695928659576528,0.36492081531526593,0.6159191746805371,0.26238783859390163,0.38696386444104575,0.529672528272943,0.5604687083359824,0.22991289742739063,0.38902327636204964,0.3247401398915521,0.5306548273195184,0.0017437189587809117,0.7221324870565687,0.08118725640592422,-0.00067282781825056,0.008550228806243735,0.12565182149008294,-0.25954457737428516,-0.3251823718555389,-0.21464185840219854,-0.5838358005525848,0.21290624315984336,0.6990390314976509
0.28846957877235696,1.451860971485141,2.9388966122419045,0.6300430269235261,0.03887314328674038,0.5133520947906547,0.3431119229499446,0.9042970615332285,0.4480137929531988,0.9090646207445906,0.5553890763950243,0.4107713252154885,0.7342928890982173,0.47217046482251346,0.4685482397996457,0.2978532925690824,0.6827571880546852,0.3647775427224772,0.3785316918777165,0.6152086976487916,0.4895250490115071,0.6245361926919556,0.25679083123606705,0.5776241864752011,0.5844884321911022,0.33783015827336726,0.7401350180727698,0.5309979236836591,0.670666507179797,0.8175490683081453,0.5910085707696574,0.36627282261458793,0.4378994570591815,0.5789605637375768,0.6583340095551665,0.7390714614142014,0.8550496863077579,0.33656241488101896,0.8716027135652306,0.30709443711410206,0.4316740496022776,0.4659431865582853,0.600870790441762,0.4361838934060125,0.2513173645611148,0.3247334994805014,0.5844611562889065,0.002116097456840209,0.7897294094625331,0.3277917198565467,0.00019126495982987283,-0.09618128251325525,0.037808675734029004,-0.30462471078781167,0.15339339332125043,-0.030203773751890494,-0.41333114988334235,-0.4059496769801531,0.6767356049818629
0.044967954825977534,0.548456920849445,0.6300430269235261,1.8943932123885545,0.353297710532235,0.3976408772924153,0.3788405318526208,0.5070178981791258,0.2912799463510408,0.416399714234676,0.3438563566633906,0.39060217095198363,0.44561083123757883,0.4868362199191607,0.31494790554204877,0.35901494900391884,0.35001542707761063,0.35174352087836247,0.24672077677931523,0.35663836682257694,0.33040463848166673,0.39696419948860245,0.3606012044220413,0.48312220554413626,0.2980725822780725,0.3631266214967356,0.4455844117889055,0.20309974922327526,0.36512198507468596,0.2685652734249109,0.3602791507164275,0.3978466794551028,0.3339209483195507,0.4559460108277686,0.11042264053135437,0.5895627645947007,0.48464793774870735,0.217246362345489,0.3946655420782277,0.10767203478262855,0.16466823025364755,0.32099764455930785,0.39639370289079234,0.2640987469411277,0.12926294649832237,0.24821227892515718,0.3153667124809893,-0.002699531893039183,0.42509795757092295,0.2126195925084425,-0.13219926184184944,0.012988872818972942,0.04684214225882992,-0.23224014496634787,-0.10459085751026104,-0.03195380291847416,-0.13331746075332812,0.12276285920095038,-0.010093242296016859
0.083833536349779,0.3941274887781167,0.03887314328674038,0.353297710532235,1.3775123735066095,0.026711404059654408,0.18650588448305705,0.13426592747362298,0.24066586193668033,0.0801859378569474,0.18642026670381756,0.21902221878121414,0.2720193960855501,0.18107807739672654,0.24255280987570316,0.3877617807153716,0.1792779166808124,0.2340861221820515,0.43817348744830215,0.22223925213398643,0.23571074445732962,0.24364080751809497,0.2723842433809438,0.28310687385774114,0.10495140631684725,0.2564842463180032,0.05618956085132319,0.04187351690774419,0.1886044900985102,0.009186782855626357,0.21504308653643892,0.41166069903421454,0.27808577008125984,0.4297965210644587,-0.11661876473753388,0.3824552644678216,0.35301662288630276,0.15641903040438865,0.14557225222471865,0.09079974947202989,0.137919496526082,0.2562921268876734,0.12057112353898108,0.11351772548768368,-0.08876648497805016,0.1879474666141699,0.1473998490572959,-0.00513139954295061,0.40968740187576463,0.1738354355325944,-0.0770676179593562,-0.03795511684875882,0.09114383033785257,-0.13899423184281387,-0.09878283810567368,-0.18832067483849113,-0.190141179630448,0.08991292275521834,0.3575343962534044
0.09031167564367225,0.15969276324787704,0.5133520947906547,0.3976408772924153,0.026711404059654408,1.0701065200711657,0.31601456372148573,0.5828150979014662,0.26341911417275166,0.26883138391609374,0.35560644578160233,0.36366501147617586,0.4013913369115419,0.34222739930625556,0.26483848360514994,0.18598136522068806,0.3069143875294962,0.2106496186794581,0.3417331847426903,0.2745057657148826,0.23732959295395814,0.34851932528784196,0.1997310466441709,0.2987934981815952,0.36993272923864057,0.385819229018559,0.39455247597712123,0.24636080595563603,0.43663373957941803,0.30487713815012263,0.2511433818642272,0.444951147792889,0.041143393142713196,0.36436109364540353,0.39240612585021195,0.3190143407429225,0.25967529957504504,0.16196226559752752,0.3753033637657957,0.07240902191062647,0.03906798956900087,0.23279181601156373,0.30989437870608866,0.3647674397184106,0.18950414989384867,-0.058066517228193386,0.2569976986800221,0.009770642322005236,1.0579775470427408,0.27987735488626575,-0.28536943575719936,-0.016170947100791547,-0.12116646930367829,-0.06016933823098746,-0.09759660724557014,0.0018963133899361198,-0.017723543906541187,0.2055293933205937,-0.25429997143786215
0.11298557339562758,0.3918230154197826,0.3431119229499446,0.3788405318526208,0.18650588448305705,0.31601456372148573,0.6431063401258849,0.23031252972165822,0.40185469017208103,0.21831202258376148,0.28478376507565395,0.3932888902269295,0.30439365151790243,0.1298968716833477,0.11765665184082577,0.22411669318579527,0.23018431749501592,0.23365936879697288,0.18301670533731068,0.23687639256402207,0.200858706790683,0.3157458457353562,0.2401208978553309,0.25123198089971394,0.19954626152860877,0.2641725162524359,0.30237284319692803,0.146014683674947,0.19835854595715918,0.14240382751724887,0.22439582010335252,0.2572497872713076,0.17961873858834101,0.31765872991116534,0.15022414344915735,0.34254033177880516,0.2782926917445928,0.13733069968354109,0.2770768258821815,0.07250658638683918,0.046095830219368736,0.20295951020894337,0.25770997569343485,0.2107658527650152,0.10310604475396089,0.105393673750938,0.19260904589747224,0.0008400887223616488,0.44419769356918953,0.006737862673550341,-0.0661643233237271,-0.03477139240960232,0.04129874364354977,-0.10234422677613404,-0.06328013047746173,0.05462359701478998,-0.0025644625412461985,0.09066634647848713,-0.20709872107706936
0.10278437930761376,0.4415411352073633,0.9042970615332285,0.5070178981791258,0.13426592747362298,0.5828150979014662,0.23031252972165822,1.1756163603528231,0.12302088142544025,0.4601291012001003,0.3933358718053777,0.1465006116718165,0.5412186467425415,0.4028019225135304,0.18267477744823532,0.2287473801932252,0.3874939077940941,0.2773290259671074,0.2694770103047061,0.3695718732546386,0.28391859878789005,0.4438627841741083,0.2112834676010582,0.3498179414022914,0.3432416312717945,0.31731254507222983,0.4672077786251708,0.25680237792040217,0.36787379808084786,0.5562158786786858,0.3423682626700359,0.252246163015364,0.1253680200317508,0.40036899225284583,0.47960106391321644,0.3705290856968949,0.5268014884159427,0.19875209527544524,0.6235808385905238,0.1909479141464924,0.2683841199246279,0.28122719256420786,0.4613314822899396,0.3878558246590963,0.19525456732500757,0.10668777038784866,0.40757695499665514,0.0028997707572103876,0.9331512583434541,0.2611692813513445,-0.0777588135755007,-0.2966832206428697,0.14079081413380243,-0.10237566178249818,-0.07516960947781631,-0.08511145896901692,-0.06247090441465555,0.18931677065018848,0.0019691364849379147
0.09001844334593423,0.45768593048999756,0.4480137929531988,0.2912799463510408,0.24066586193668033,0.26341911417275166,0.40185469017208103,0.12302088142544025,0.8335054921948478,0.1333220258083571,0.22066213989625588,0.2879568549712597,0.26611347902203464,0.16566175570437605,0.1382158189744105,0.2160334273583166,0.24709360861611862,0.2501100805739941,0.19070070004515854,0.27459898783615977,0.23365906616475712,0.30765818280103413,0.2903044913886788,0.3271780405716243,0.07830220625896883,0.345924743605858,0.35781951407962886,0.12172053095301193,0.08724954244514142,0.15122329053520817,0.26786707943916266,0.26597513452900856,0.21194418016495645,0.1806985163579202,0.09313060491256107,0.4271429020592329,0.2775787929634322,0.15842303750104123,0.21980118380830638,0.12088888000620103,0.10174816992270785,0.22238060027243536,0.2819022124210078,0.1788451420452689,0.16322073993022684,0.23913008501785213,0.18881209059690784,-0.007604633691073029,-0.004369697583667314,-0.03717550526370024,0.05715433349119613,-0.06360600575760231,0.1184872613859282,-0.10545152547189146,0.027227258618996313,0.07083284615976566,0.001803407361879598,-0.012528707152890402,-0.16973896571573768
0.12239595528262635,0.4785952086290978,0.9090646207445906,0.416399714234676,0.0801859378569474,0.26883138391609374,0.21831202258376148,0.4601291012001003,0.1333220258083571,0.8782982842219155,0.25637064534403775,0.25069396476897915,0.3842550420393757,0.29665199472081055,0.2057957406154534,0.18621110660087076,0.35320294755390275,0.24618564742840912,0.16750932181119593,0.25907592981361355,0.2204704056452991,0.3430507409616972,0.1920829415322104,0.29209132159777573,0.3285557638055152,0.15536242596495797,0.4260796889633476,0.24141231256694873,0.3127519852328384,0.38512122804000387,0.31663869037862596,0.13023235673124867,0.15479203046875076,0.4248795686469456,0.3390862655684359,0.37478439272955993,0.48166873974402413,0.14670450130316479,0.46401228421894525,0.1697568408230046,0.24243935885279705,0.22685345033223317,0.3455742303769498,0.24442029116292507,0.05769239978123812,0.15863578083465682,0.3335995585884996,-0.0019244298468968205,0.643487920144556,0.1198508981349734,-0.038656963056546416,-0.04199970673702127,0.007335704489305259,-0.09893993586428404,0.13739933210523791,0.03376033302994437,-0.07529175769912819,-0.27656237085282026,0.23960572580294673
0.08508187708870073,0.4613860417963279,0.5553890763950243,0.3438563566633906,0.18642026670381756,0.35560644578160233,0.28478376507565395,0.3933358718053777,0.22066213989625588,0.25637064534403775,0.6255146215490371,0.3403532347407416,0.35580752065501897,0.2249612688740828,0.30000923077083247,0.23839160991230204,0.3946623674698803,0.2145039499016047,0.20955415435079783,0.41380003812169425,0.25374082280299187,0.26842369669970934,0.23209244917243063,0.33020532598264474,0.2079976428915095,0.2744083306692712,0.3713550540954563,0.1804324012062974,0.26939236950516926,0.30257867374904535,0.29247209129670704,0.25986692738802536,0.17728466656159564,0.29932337818580346,0.2792942971470358,0.4151078205788937,0.38514684519712605,0.21625173199645184,0.3939456428343245,0.1288014730358839,0.15058012747739585,0.2625591225797413,0.2968608630929699,0.2466467999665087,0.20224028311425563,0.19374679562643585,0.2556339951328886,-0.0026345208329493367,0.28758820671173857,0.06460794381371744,-0.03241232103557673,-0.10922514993114486,0.16794069006024115,-0.09809974682559534,-0.08051936222371824,-0.047706170610430525,-0.09128959707625406,0.09283901915065707,0.00541546007233694
0.09831670092590261,0.3820867015375779,0.4107713252154885,0.39060217095198363,0.21902221878121414,0.36366501147617586,0.3932888902269295,0.1465006116718165,0.2879568549712597,0.25069396476897915,0.3403532347407416,0.7201736531914084,0.2840676896168837,0.20915605978447538,0.2604929261028372,0.23914095498943974,0.308904319829553,0.18029850332038386,0.22741651857066625,0.27320986939687764,0.21275567065116474,0.21998003702284552,0.2221874594659316,0.2813090027882689,0.22792880894666398,0.2746551048704821,0.337407708857696,0.17566754765670559,0.22481545705606795,0.13349809465773593,0.2357305059988561,0.3471100439961864,0.20275535361670236,0.2965595444958518,0.18606216051734223,0.43232301777639587,0.21119032177168529,0.15539797100136,0.251402332795477,0.07196257222659101,0.020571784824611878,0.225399159301254,0.21172770840146116,0.17416532543046062,0.11074391307727842,0.1331881950870841,0.16588344960664697,0.0022239328367548447,0.5103875973842553,-0.058230734790741354,-0.06448085786818951,0.07309807481137914,0.06078965802616237,-0.10577673433431863,-0.07748100570518233,0.05899855549252749,-0.05508281637401829,0.08359985378117563,-0.2557726397604713
0.08442639618336507,0.567514505780229,0.7342928890982173,0.44561083123757883,0.2720193960855501,0.4013913369115419,0.30439365151790243,0.5412186467425415,0.26611347902203464,0.3842550420393757,0.35580752065501897,0.2840676896168837,0.7478528411364864,0.2932767688234173,0.15991210886474103,0.31823758331531515,0.3713874650939445,0.22226152222180948,0.27776288834418694,0.3426757138424282,0.2786127778114501,0.5229930525850418,0.24726736532953536,0.38225180923250707,0.2922116044090762,0.25584802589782146,0.3319108731140625,0.23325972380644108,0.42116498696024524,0.39291002032660577,0.3103555121657151,0.3033557384330565,0.22864331736648796,0.412708264915935,0.3325984143032964,0.4379212163990199,0.42313354003556236,0.18432970066730958,0.5052888539634952,0.15449730628338612,0.19660760967918184,0.282514228672797,0.33726075832314345,0.3198106036500233,0.06948242640185759,0.19756847389349005,0.3078414770903607,-0.0014649517765932376,0.535313988654965,0.17959075873293529,-0.03235604417502119,-0.22507659937661528,0.1173529958028327,-0.15731014542162713,0.018430091989977887,-0.08996354915735245,-0.22874842767767112,-0.12623673646052902,0.3426396440950838
0.10282376757936343,0.35284556882866885,0.47217046482251346,0.4868362199191607,0.18107807739672654,0.34222739930625556,0.1298968716833477,0.4028019225135304,0.16566175570437605,0.29665199472081055,0.2249612688740828,0.20915605978447538,0.2932767688234173,0.8917272429165507,0.3245248617699634,0.28017634203179703,0.2686444940129557,0.16330058117963578,0.2119820838993708,0.24167902448497783,0.23994936883068335,0.18785553838680388,0.25532248267435337,0.3800081929755997,0.30631747146635063,0.3134986557907434,0.3717886958280112,0.22490367812159853,0.3120785297271535,0.40190194361612,0.25347084390258207,0.22487057882506034,0.13679709966044515,0.2171269989976138,0.2866377214823547,0.3689298616750777,0.366570526300092,0.14108024449514125,0.2545364627547308,0.14814499488690983,0.2842517332391709,0.24451816304500806,0.35109327889044784,0.2763358827180663,0.08001601330796433,0.09434521715470896,0.27418098024352033,-0.003431482285705248,0.7397020476841999,0.17656272502625703,-0.06938396365726522,-0.051902024252947064,-0.06654565989791138,-0.045809273169933815,-0.10589946881105272,-0.05811725726333952,-0.194200215012679,0.21226499009005242,0.11659875668422519
0.08766908712574395,0.6462208210871261,0.4685482397996457,0.31494790554204877,0.24255280987570316,0.26483848360514994,0.11765665184082577,0.18267477744823532,0.1382158189744105,0.2057957406154534,0.30000923077083247,0.2604929261028372,0.15991210886474103,0.3245248617699634,0.9265059561611019,0.11380609296141128,0.25318810266197445,0.2286132976385063,0.2194545357958641,0.3523936959458593,0.30390948760537984,0.0492709366093032,0.3297738187627417,0.43065024768236504,0.20979369989727753,0.30414606373056835,0.45894015604877614,0.25706248355807615,0.2567018153939163,0.41498072259292884,0.31443192616139193,0.26582023113182446,0.2323560740394955,0.22079655528301398,0.21773792966957367,0.4868591370399646,0.3993117607825091,0.18782069614962763,0.21787674389480138,0.11957705874462901,0.28417338297712935,0.2764789531176112,0.3063375014214165,0.23577567652230103,0.06252152742721791,0.14754411459694203,0.3015306018220578,-0.004604689922451833,0.5589456050843148,0.07279878450666169,-0.23586746035591705,0.3458894878357068,-0.11065016273690091,-0.07375992762469571,-0.0823181758007441,-0.018236817079686746,-0.22177440723378147,0.1314588822163394,0.16356634722231017
0.06271182011021356,0.3402075850175161,0.2978532925690824,0.35901494900391884,0.3877617807153716,0.18598136522068806,0.22411669318579527,0.2287473801932252,0.2160334273583166,0.18621110660087076,0.23839160991230204,0.23914095498943974,0.31823758331531515,0.28017634203179703,0.11380609296141128,1.1218289970664745,0.3243177061094317,0.1829755308862313,0.3269934463199017,0.3424467680304278,0.23785324586112408,0.29998341804642403,0.21029754734123834,0.3501029493633487,0.1484410088541252,0.22194354750703477,0.19026839898479417,0.24707165540741555,0.3399544292136935,0.3909623185341424,0.2774377868137452,0.34885867046323327,0.11569972170845211,0.29621811512633733,0.4091140346076168,0.3525438868594279,0.35536171605664485,0.19747017165211883,0.2663330522579906,0.16891674846150673,0.2574231131512721,0.34200059002298644,0.24855096589138254,0.30747918394520224,0.1463798923557862,0.058268785992326856,0.2893838773933498,-0.0011073950850600256,0.6364699515817516,-0.2007790565253174,-0.12328318582256495,0.04355694550047008,0.09212398667046465,0.0231006588887637,-0.013657566256536597,-0.08770424369243024,-0.1652211456911551,0.033794535223723235,0.16129309955477228
0.05501157472469256,0.5449904789347283,0.6827571880546852,0.35001542707761063,0.1792779166808124,0.3069143875294962,0.23018431749501592,0.3874939077940941,0.24709360861611862,0.35320294755390275,0.3946623674698803,0.308904319829553,0.3713874650939445,0.2686444940129557,0.25318810266197445,0.3243177061094317,1.4336605537699816,0.09027747058337514,0.2698556201682052,0.759960362201796,0.34145486149315524,0.4114945823520555,0.20022593911381562,0.4201846738929511,0.7214136965095345,0.16425831313111802,0.558817197171661,0.33422410045962336,0.5443598434471969,0.5060901796810734,0.3922632965487747,0.28228024824526965,0.4388233900856525,0.4628977578400751,0.32196703771033053,0.5091800298723852,0.8077870561874315,0.4070493258522755,0.622334498117175,0.23685604732905627,0.2100253465014443,0.3819744284150803,0.4584635118368979,0.3495412667245757,0.3887846301672369,0.2044432924959771,0.34707596992345807,0.001501676019146057,0.7498524891160291,0.3082041507285249,-0.04883805961722981,-0.14049694314782474,0.16790892299798404,-0.13694364339132442,0.08831987899915587,-0.08281905676932869,-0.16494434504322944,-0.09974354371960886,0.29015634312402716
0.10974301954417479,0.35380857633131557,0.3647775427224772,0.35174352087836247,0.2340861221820515,0.2106496186794581,0.23365936879697288,0.2773290259671074,0.2501100805739941,0.24618564742840912,0.2145039499016047,0.18029850332038386,0.22226152222180948,0.16330058117963578,0.2286132976385063,0.1829755308862313,0.09027747058337514,0.8027294391529632,0.20585604246818204,0.06808218642801574,0.2464592250774709,0.35425135427089005,0.4404920752488775,0.24928236770517315,0.13304232372063995,0.3254956948023284,0.09165787955481718,0.08161759509493517,0.16131626415375674,0.09228509251639835,0.32625050806772254,0.13420884684738682,0.06981949445866549,0.23265112758523762,0.08148072414641737,0.37868658600917215,0.3301471142214203,0.07432615945122537,0.19877245146430847,0.09654203057334027,0.19611821093785617,0.16946763119359345,0.29834607376262035,0.16579960239076216,0.16787852758952168,0.228951758037841,0.40634739803494696,-0.00953530168137297,0.26269657923296336,0.10232947770923158,0.1411521465842979,-0.1072297946241959,-0.06479060627947383,-0.12350885104019203,-0.006967882004853792,0.047382031325380276,0.08614637328530346,0.10917232688401433,-0.2993819685730644
0.08450847822072824,0.32879256549412184,0.3785316918777165,0.24672077677931523,0.43817348744830215,0.3417331847426903,0.18301670533731068,0.2694770103047061,0.19070070004515854,0.16750932181119593,0.20955415435079783,0.22741651857066625,0.27776288834418694,0.2119820838993708,0.2194545357958641,0.3269934463199017,0.2698556201682052,0.20585604246818204,0.7716888976952299,0.18010972351196683,0.24582831561660032,0.33083768012800563,0.15917884590189663,0.22668892691200415,0.30248318806385305,0.2008567304228244,0.19141798246550357,0.20859110478263646,0.3156342452038458,0.32179702876101257,0.2362618698177204,0.3990279689281469,0.18612666609274225,0.29550558703889773,0.1602978782916485,0.3465383103059964,0.2523300777520277,0.1339051586921091,0.29144029241155434,0.14551379771064613,0.22944858176826766,0.23134003489039903,0.21796780737901642,0.17815037216453689,-0.01656338264048409,0.13232797852042955,0.2650353977791863,0.0006157120123853331,0.6608381190898686,0.2259931828638946,0.0034041304226825777,0.04305443830977005,-0.1265747118645031,-0.16580503394099902,-0.09502788925469799,-0.05882207273479049,-0.09487710771762138,0.12066544195520311,0.06755013679387546
0.06906099406676695,0.6985496095905331,0.6152086976487916,0.35663836682257694,0.22223925213398643,0.2745057657148826,0.23687639256402207,0.3695718732546386,0.27459898783615977,0.25907592981361355,0.41380003812169425,0.27320986939687764,0.3426757138424282,0.24167902448497783,0.3523936959458593,0.3424467680304278,0.759960362201796,0.06808218642801574,0.18010972351196683,1.4064907926354246,0.367755861081875,0.3555541160729412,0.2380414191468338,0.5823406552270978,0.46194380979491484,0.21348617610352885,0.6365155636916833,0.39585353088423814,0.4382811725624124,0.8522602029972728,0.4919733516949032,0.5959565250647406,0.4665642172372817,0.4039748372117828,0.3990335068109936,0.5810947404667057,1.0102740636416467,0.6791905948985841,0.6098932452953445,0.2684542907899546,0.2548000509698092,0.5042026345484069,0.6544089385904508,0.49472981863622917,0.794631290309505,0.16657808439909827,0.4742352538963745,0.005822649444151259,0.8713398841494234,0.0019026227909547052,-0.11694731472060006,0.009310389505087146,0.23710834832881403,-0.1053555887442811,-0.032097682255178034,-0.14977625299680286,-0.13417611271656493,0.04233036281659251,0.19150786573822617
0.07889032560639114,0.5011772891970581,0.4895250490115071,0.33040463848166673,0.23571074445732962,0.23732959295395814,0.200858706790683,0.28391859878789005,0.23365906616475712,0.2204704056452991,0.25374082280299187,0.21275567065116474,0.2786127778114501,0.23994936883068335,0.30390948760537984,0.23785324586112408,0.34145486149315524,0.2464592250774709,0.24582831561660032,0.367755861081875,0.7007570390976345,0.3740916516489818,0.2361794630439939,0.4078711907309163,0.27589520978528703,0.36228462178347665,0.42827046160155097,0.33258158230105395,0.2055297804519438,0.4268037378672776,0.39897750082722894,0.4804956901144862,0.4496524104646558,0.2714299749709508,0.21978494089930498,0.6025319842800656,0.49893407377038473,0.24078959182395143,0.378522060955652,0.3165244058488792,0.2963442853613863,0.44527073397713857,0.39647078393843127,0.23931616224589825,0.17094626616712325,0.18563763199225938,0.34283272020631833,-0.0011071890335914616,0.7876151243486946,0.16402879804745116,-0.09701477638760765,0.0252008083932281,0.0025224255786029594,-0.13075037983261117,-0.007492304481906503,-0.06022056792647046,-0.1284487519996715,0.0238053513649506,0.12395224630868654
0.0934555457439549,0.36920581952405795,0.6245361926919556,0.39696419948860245,0.24364080751809497,0.34851932528784196,0.3157458457353562,0.4438627841741083,0.30765818280103413,0.3430507409616972,0.26842369669970934,0.21998003702284552,0.5229930525850418,0.18785553838680388,0.0492709366093032,0.29998341804642403,0.4114945823520555,0.35425135427089005,0.33083768012800563,0.3555541160729412,0.3740916516489818,1.6288649796696864,0.48353588649030377,0.46974629126174444,0.26935244537901787,0.23499179490488264,0.3868615250801848,0.10857681437944672,0.5442495901095448,0.34149370926541134,0.3551438946644874,0.534613600535344,0.26707883862161264,0.47169373787654056,0.07407087346908182,0.590210099135087,0.3796833373836659,0.2047310423196171,0.5617734428318957,0.29048469441437,0.17420160307585533,0.3207519876244456,0.56656232610198,0.2600964363021643,0.04456568409286073,0.2728046584163403,0.358561891393362,-0.011402713453088029,0.6942282287763267,0.10309752973665931,0.025120108496312014,-0.36918955157296124,0.11047720218459191,-0.18281478725434472,0.0719652263874876,-0.023631786845210404,-0.10526134980388302,-0.09205948421154828,0.10705796391232825
0.05397416113305933,-0.04152184972284649,0.25679083123606705,0.3606012044220413,0.2723842433809438,0.1997310466441709,0.2401208978553309,0.2112834676010582,0.2903044913886788,0.1920829415322104,0.23209244917243063,0.2221874594659316,0.24726736532953536,0.25532248267435337,0.3297738187627417,0.21029754734123834,0.20022593911381562,0.4404920752488775,0.15917884590189663,0.2380414191468338,0.2361794630439939,0.48353588649030377,1.2686112560228489,0.7558218679421871,0.15370053076790566,0.25581706754416644,0.28962510207283737,-0.12109036214512567,0.25378918204806805,0.23160824038376598,0.2019588007103621,0.14614799963841196,0.03752220165698264,0.23105822804129095,-0.13374566190719464,0.6833121527659919,0.11897157255376566,0.13489714238873157,0.17441225267069038,0.11347713158579685,0.22197892353058946,0.1731557036322796,0.34138590535061003,0.5057698662343691,-0.052918826855461086,0.2630452921500389,0.29797323180850266,-0.02126689618913445,0.13393916136311587,-0.0765691974073172,0.0392934503927958,-0.0821144448010763,0.10229149914623173,-0.035196298584660744,0.06712307859314103,0.0033270316436445047,-0.045787226031177866,-0.035721150489553315,0.05000859819994184
0.0241422490163031,0.3364580994886711,0.5776241864752011,0.48312220554413626,0.28310687385774114,0.2987934981815952,0.25123198089971394,0.3498179414022914,0.3271780405716243,0.29209132159777573,0.33020532598264474,0.2813090027882689,0.38225180923250707,0.3800081929755997,0.43065024768236504,0.3501029493633487,0.4201846738929511,0.24928236770517315,0.22668892691200415,0.5823406552270978,0.4078711907309163,0.46974629126174444,0.7558218679421871,1.6092750643440843,0.38213239914218966,0.2541526564361795,0.6346816146212727,0.2658974290938021,0.34750261489563106,0.734529019698381,0.6437864384359129,0.4062895351695927,0.39194803252579896,0.20024685067444545,0.2648781413306408,0.9404472572836886,0.5794815599110935,0.3166671421724599,0.4774774531888632,0.14593663377922433,0.3919982355752453,0.39515342140821824,0.47799150883352914,0.4830383459321677,0.16942546316043003,0.29352898586771436,0.45149607416078685,-0.015404600930468445,0.6170379502698121,-0.047011361595084275,-0.1919485112887966,0.024950422267332344,0.2031775278854852,-0.06656999252920255,0.062465506538198816,-0.06976805437531991,-0.12326071033494473,-0.14269487794601693,0.29042354705617085
0.1082467510910145,0.42828117909888896,0.5844884321911022,0.2980725822780725,0.10495140631684725,0.36993272923864057,0.19954626152860877,0.3432416312717945,0.07830220625896883,0.3285557638055152,0.2079976428915095,0.22792880894666398,0.2922116044090762,0.30631747146635063,0.20979369989727753,0.1484410088541252,0.7214136965095345,0.13304232372063995,0.30248318806385305,0.46194380979491484,0.27589520978528703,0.26935244537901787,0.15370053076790566,0.38213239914218966,1.9113678699371648,-0.060430975652741546,0.36595684208842366,0.41936059777069296,0.793005075325732,0.774303148730948,0.3159223260641239,0.4426090168497628,0.3875695579963189,0.5788985568386652,0.40223714678724315,0.2982028944594881,0.6903182418661474,0.30748948610082466,0.7431338630795113,0.194354510027678,0.2556914702432929,0.2976942756553302,0.39906324381487646,0.4636147757320456,0.16066376130546992,-0.011250775802640398,0.48487254330703816,0.015644606594862314,1.5479805252783336,0.2641288642511068,0.002893057452464955,0.01752979513113071,-0.14059453332987612,-0.21498316928948066,0.018959335623599107,-0.014361313762937273,-0.10564007549951031,-0.017167369209083516,0.18704947883649284
0.06171738466434254,0.38913110197490897,0.33783015827336726,0.3631266214967356,0.2564842463180032,0.385819229018559,0.2641725162524359,0.31731254507222983,0.345924743605858,0.15536242596495797,0.2744083306692712,0.2746551048704821,0.25584802589782146,0.3134986557907434,0.30414606373056835,0.22194354750703477,0.16425831313111802,0.3254956948023284,0.2008567304228244,0.21348617610352885,0.36228462178347665,0.23499179490488264,0.25581706754416644,0.2541526564361795,-0.060430975652741546,1.8232895863932388,0.5678132178350682,0.19177712597259106,-0.11339207146947493,-0.3377255153300735,0.18569277932217862,0.43332103673309486,0.11265049601179829,0.21018182763119406,0.2427200783820084,0.49121365188432725,-0.2604522897525275,0.1557814844131638,-0.6032987775690973,0.21208310396767577,0.23727700231013818,0.36432532175085613,0.23562711806533745,0.2078518529211785,-0.17433685823847786,0.1175358387414545,-0.01903583409594405,-0.012824607284414464,0.23798230769763642,0.14674880655901465,-0.276702093567396,0.08696066963295336,-0.07120037448163942,0.018538428536220636,-0.12006213314031564,-0.009986801070024457,-0.114525057244003,0.20271001347668408,-0.11457956789752065
0.10893121800666065,0.8120122176290065,0.7401350180727698,0.4455844117889055,0.05618956085132319,0.39455247597712123,0.30237284319692803,0.4672077786251708,0.35781951407962886,0.4260796889633476,0.3713550540954563,0.337407708857696,0.3319108731140625,0.3717886958280112,0.45894015604877614,0.19026839898479417,0.558817197171661,0.09165787955481718,0.19141798246550357,0.6365155636916833,0.42827046160155097,0.3868615250801848,0.28962510207283737,0.6346816146212727,0.36595684208842366,0.5678132178350682,2.227718724403772,0.5102174058715648,0.08347215469847126,0.4934445831336919,0.5348840557124414,0.6394581596128932,0.6547950597997053,0.3278694848015465,0.3857510664985762,1.060837456668747,0.7181483938447686,0.33202861060624905,0.4145052054421212,0.2861851594323151,0.17230863518579095,0.504192043787907,0.8868762130241439,0.39353052124469634,0.32067635337571176,0.24001754730607766,0.26299567051292555,-0.0013895762013888182,0.8483916978136276,0.16994915995962906,-0.3090775234987039,0.18251856645980444,0.11785184745469167,-0.16228919268589992,-0.04998537924011748,-0.01201970965018924,0.00955136349742975,0.16256827608020313,-0.10824113340621798
0.07186220660898071,0.5614797068239138,0.5309979236836591,0.20309974922327526,0.04187351690774419,0.24636080595563603,0.146014683674947,0.25680237792040217,0.12172053095301193,0.24141231256694873,0.1804324012062974,0.17566754765670559,0.23325972380644108,0.22490367812159853,0.25706248355807615,0.24707165540741555,0.33422410045962336,0.08161759509493517,0.20859110478263646,0.39585353088423814,0.33258158230105395,0.10857681437944672,-0.12109036214512567,0.2658974290938021,0.41936059777069296,0.19177712597259106,0.5102174058715648,1.2532723160911963,0.05544911301719821,0.7011060958663448,0.4138670903658935,0.20471631110728677,0.8953581987208065,0.19906040929114144,0.9384407543577408,0.36274708947745227,0.7499389259428848,0.2676511650350131,0.4097637117383006,0.07366915578066217,0.15369347602342318,0.41165446611276185,0.33524500150109404,0.5669553417311322,0.1980005673330587,-0.1789612948740761,0.3782166436942185,0.03125212584810702,1.4141864483299849,0.24115489163461215,-0.2840829284307236,0.5519375974771257,-0.5374958270146927,-0.10786233000331949,-0.07331266687760465,-0.13104615934523609,-0.08878393052777714,0.03981034353492492,0.1319849708156356
0.09885762323640988,0.572006656842682,0.670666507179797,0.36512198507468596,0.1886044900985102,0.43663373957941803,0.19835854595715918,0.36787379808084786,0.08724954244514142,0.3127519852328384,0.26939236950516926,0.22481545705606795,0.42116498696024524,0.3120785297271535,0.2567018153939163,0.3399544292136935,0.5443598434471969,0.16131626415375674,0.3156342452038458,0.4382811725624124,0.2055297804519438,0.5442495901095448,0.25378918204806805,0.34750261489563106,0.793005075325732,-0.11339207146947493,0.08347215469847126,0.05544911301719821,2.8790932275965884,0.5197519811584036,0.11308525503692782,0.7367847166396211,0.13244244859288917,0.5669298145766863,0.08470977667214548,0.572767956772016,-0.4506510030328085,0.17039378645573658,0.3876740320973355,0.28767892435681575,0.0360414892401205,0.19117763035593469,-0.11714092234882749,-0.21520465341428438,-0.40411208057389186,0.3501744410130011,0.3739107747421343,-0.03202027044276929,1.2013873513237274,0.4428230475284144,-0.32063965772564573,-0.03545937751601238,-0.1350730901918224,-0.08332674717116528,-0.15149246283290743,0.002662426500343628,-0.3053083340440316,0.08900533375340916,0.2747303172985815
0.1760626621034021,0.7407828520624778,0.8175490683081453,0.2685652734249109,0.009186782855626357,0.30487713815012263,0.14240382751724887,0.5562158786786858,0.15122329053520817,0.38512122804000387,0.30257867374904535,0.13349809465773593,0.39291002032660577,0.40190194361612,0.41498072259292884,0.3909623185341424,0.5060901796810734,0.09228509251639835,0.32179702876101257,0.8522602029972728,0.4268037378672776,0.34149370926541134,0.23160824038376598,0.734529019698381,0.774303148730948,-0.3377255153300735,0.4934445831336919,0.7011060958663448,0.5197519811584036,3.4500560056039133,0.7098910244907835,0.4059414445155212,0.09512058244363672,-0.08363251619386618,1.3724764477540647,0.49506075207861217,1.2877321458727882,0.43174173448937253,1.4141354881060504,0.5280752030589383,1.43381343317048,0.49344430299949804,0.9514978897336491,0.9743158515902909,0.4973072644705265,-0.013250181737182714,1.589108338089747,0.010065403701169227,2.5979890703840884,-0.021284283385389503,-0.19088654147862172,-0.0956683402154503,0.23314113042011478,-0.04701535482644551,-0.006159350462745847,-0.36307648874790216,-0.11015627337007483,0.18171353264361756,0.4545234316356139
0.09201640562145127,0.5567024535978313,0.5910085707696574,0.3602791507164275,0.21504308653643892,0.2511433818642272,0.22439582010335252,0.3423682626700359,0.26786707943916266,0.31663869037862596,0.29247209129670704,0.2357305059988561,0.3103555121657151,0.25347084390258207,0.31443192616139193,0.2774377868137452,0.3922632965487747,0.32625050806772254,0.2362618698177204,0.4919733516949032,0.39897750082722894,0.3551438946644874,0.2019588007103621,0.6437864384359129,0.3159223260641239,0.18569277932217862,0.5348840557124414,0.4138670903658935,0.11308525503692782,0.7098910244907835,1.008955236079581,0.3564050873244798,0.3280375020859664,0.2548250070471036,0.4883878591612365,0.7885602033828675,0.8518902983173898,0.2961289818280637,0.6481286631224429,0.1403581059703123,0.45712880796585975,0.39076407801742474,0.48539852526001753,0.27510052210256714,0.38472116608775864,0.28333644543309816,0.4929553439582117,-0.0061500563022297335,0.7665525364919459,0.15309204098271867,-0.10461543550154838,0.010144888774570269,0.066032734530771,-0.1552937386077929,0.026118350380504574,-0.04659549454749767,-0.007679453220378573,-0.03897751594264187,0.025570814679369593
0.06958702124565536,0.5234001437403558,0.36627282261458793,0.3978466794551028,0.41166069903421454,0.444951147792889,0.2572497872713076,0.252246163015364,0.26597513452900856,0.13023235673124867,0.25986692738802536,0.3471100439961864,0.3033557384330565,0.22487057882506034,0.26582023113182446,0.34885867046323327,0.28228024824526965,0.13420884684738682,0.3990279689281469,0.5959565250647406,0.4804956901144862,0.534613600535344,0.14614799963841196,0.4062895351695927,0.4426090168497628,0.43332103673309486,0.6394581596128932,0.20471631110728677,0.7367847166396211,0.4059414445155212,0.3564050873244798,2.936408146443257,0.5235420427636458,0.446183073020021,-0.1395298982256608,0.8669501730916577,0.09848068051916037,0.3796089974470036,0.24637126060908993,0.35222126474622933,-0.003282373118185509,0.5285699963531888,0.3317515126163925,-0.009430287356637783,0.18439831181973443,0.09693752515332903,0.3152166703683064,0.007057030991304705,1.7941597177855912,0.3390514769465014,-0.1965989268234138,0.15556376720217513,-0.01884999676927448,-0.20418460536307426,-0.49777015427673266,-0.007571607130374209,-0.061315275199678713,0.4310934333835361,-0.37055710162034455
0.03214204332271754,0.6389068370052539,0.4378994570591815,0.3339209483195507,0.27808577008125984,0.041143393142713196,0.17961873858834101,0.1253680200317508,0.21194418016495645,0.15479203046875076,0.17728466656159564,0.20275535361670236,0.22864331736648796,0.13679709966044515,0.2323560740394955,0.11569972170845211,0.4388233900856525,0.06981949445866549,0.18612666609274225,0.4665642172372817,0.4496524104646558,0.26707883862161264,0.03752220165698264,0.39194803252579896,0.3875695579963189,0.11265049601179829,0.6547950597997053,0.8953581987208065,0.13244244859288917,0.09512058244363672,0.3280375020859664,0.5235420427636458,2.6606820524545194,0.29096221197106387,-0.5908466318270778,0.6057673752997189,0.7603525707997724,0.39966966703846746,0.18106217485887638,0.1942555403736367,-0.5305967936507678,0.5007515829773717,0.24296685998005615,0.3562416895017006,-0.42046301887476567,0.007621435044556983,0.1641806782215058,0.043710204409764954,1.6343821318754161,0.22443381522831474,-0.2903120383753001,0.30697370812437275,0.056391824766196204,-0.46270970707614767,-0.12928729049942225,-0.10076596891171344,-0.1481107095153816,0.05516881630177905,0.18471232539137963
-0.0346682136043907,0.47913886341650663,0.5789605637375768,0.4559460108277686,0.4297965210644587,0.36436109364540353,0.31765872991116534,0.40036899225284583,0.1806985163579202,0.4248795686469456,0.29932337818580346,0.2965595444958518,0.412708264915935,0.2171269989976138,0.22079655528301398,0.29621811512633733,0.4628977578400751,0.23265112758523762,0.29550558703889773,0.4039748372117828,0.2714299749709508,0.47169373787654056,0.23105822804129095,0.20024685067444545,0.5788985568386652,0.21018182763119406,0.3278694848015465,0.19906040929114144,0.5669298145766863,-0.08363251619386618,0.2548250070471036,0.446183073020021,0.29096221197106387,1.7884466039132558,0.18554297717701584,0.35013926930407974,0.7181734094275124,0.2835110848454524,0.4555815328630639,0.027670933548803057,-0.11772087179507569,0.35701419889313335,0.36457391444890624,0.31864796044752786,-0.22228347941248291,0.04975520331000059,0.18917406567904585,0.019291971498415078,1.4666193643350236,0.16973946164425197,-0.11318882531024546,-0.023203425237084168,0.03189575578547273,-0.25060214983267404,-0.05165352108416708,0.019302090257478272,-0.23671115240997093,-0.056191365735947685,0.3448296160329612
0.11000242669182748,0.5251186180531989,0.6583340095551665,0.11042264053135437,-0.11661876473753388,0.39240612585021195,0.15022414344915735,0.47960106391321644,0.09313060491256107,0.3390862655684359,0.2792942971470358,0.18606216051734223,0.3325984143032964,0.2866377214823547,0.21773792966957367,0.4091140346076168,0.32196703771033053,0.08148072414641737,0.1602978782916485,0.3990335068109936,0.21978494089930498,0.07407087346908182,-0.13374566190719464,0.2648781413306408,0.40223714678724315,0.2427200783820084,0.3857510664985762,0.9384407543577408,0.08470977667214548,1.3724764477540647,0.4883878591612365,-0.1395298982256608,-0.5908466318270778,0.18554297717701584,2.589129975431248,0.05453766930902844,0.7197448419710356,0.14883840497202794,0.7244513514789321,-0.040395529169726704,0.6962629964370641,0.3440328497412359,0.41523836934485553,0.685526599214587,0.6636234866015842,-0.17605385912244276,0.6411992033087839,0.016194565425729793,1.0864140394823605,-0.1805974912451753,-0.24785670926511988,-0.0055413805320462025,0.06198285305849105,0.20990111844482778,-0.025217162606800805,-0.1937869000231383,-0.04869010313658692,0.006778291641646111,0.08789200959689777
0.10209015896343249,0.696979538755083,0.7390714614142014,0.5895627645947007,0.3824552644678216,0.3190143407429225,0.34254033177880516,0.3705290856968949,0.4271429020592329,0.37478439272955993,0.4151078205788937,0.43232301777639587,0.4379212163990199,0.3689298616750777,0.4868591370399646,0.3525438868594279,0.5091800298723852,0.37868658600917215,0.3465383103059964,0.5810947404667057,0.6025319842800656,0.590210099135087,0.6833121527659919,0.9404472572836886,0.2982028944594881,0.49121365188432725,1.060837456668747,0.36274708947745227,0.572767956772016,0.49506075207861217,0.7885602033828675,0.8669501730916577,0.6057673752997189,0.35013926930407974,0.05453766930902844,2.7363923571654323,0.3711589208464798,0.316029001783788,0.4429196545064184,0.2776020791597049,0.23623543617082027,0.6309679801298714,0.42713831363015575,-0.3730218260622809,0.24372120166557595,1.1749501568711826,0.3162811898608584,-0.07894120598635501,-0.44182127295640117,0.24458210571871458,-0.11492453564868979,0.037109308976234455,0.18468797033788328,-0.29546809360187287,-0.21744656081644642,-0.05926629804336153,-0.05455482003387961,0.06216136340304182,-0.24882159465807085
0.10820575957416564,1.0695928659576528,0.8550496863077579,0.48464793774870735,0.35301662288630276,0.25967529957504504,0.2782926917445928,0.5268014884159427,0.2775787929634322,0.48166873974402413,0.38514684519712605,0.21119032177168529,0.42313354003556236,0.366570526300092,0.3993117607825091,0.35536171605664485,0.8077870561874315,0.3301471142214203,0.2523300777520277,1.0102740636416467,0.49893407377038473,0.3796833373836659,0.11897157255376566,0.5794815599110935,0.6903182418661474,-0.2604522897525275,0.7181483938447686,0.7499389259428848,-0.4506510030328085,1.2877321458727882,0.8518902983173898,0.09848068051916037,0.7603525707997724,0.7181734094275124,0.7197448419710356,0.3711589208464798,3.7163101441869535,0.5495428089138578,1.3108954875048238,-0.20715568268096113,0.5539687275237777,0.6583568921440243,1.1553191311917979,0.7975585075488122,1.8083227901649523,0.03189521431987208,0.8681991695984879,0.030235527813171008,2.053280940611391,0.5929149423513147,-0.3427001151265665,-0.21685104586253934,0.09571177595222354,-0.24228682236333665,0.010636884681409893,-0.2917710827632328,-0.05284077211044166,0.01258617894196914,0.3345681347268289
0.037993066495158045,0.36492081531526593,0.33656241488101896,0.217246362345489,0.15641903040438865,0.16196226559752752,0.13733069968354109,0.19875209527544524,0.15842303750104123,0.14670450130316479,0.21625173199645184,0.15539797100136,0.18432970066730958,0.14108024449514125,0.18782069614962763,0.19747017165211883,0.4070493258522755,0.07432615945122537,0.1339051586921091,0.6791905948985841,0.24078959182395143,0.2047310423196171,0.13489714238873157,0.3166671421724599,0.30748948610082466,0.1557814844131638,0.33202861060624905,0.2676511650350131,0.17039378645573658,0.43174173448937253,0.2961289818280637,0.3796089974470036,0.39966966703846746,0.2835110848454524,0.14883840497202794,0.316029001783788,0.5495428089138578,0.6918340589895778,0.2866182844519135,0.15291259746360872,0.1134362952644119,0.3117563979379102,0.36637609458474724,0.4204004359306795,0.4958519542845272,0.11964983192790661,0.2727541653662377,0.004298811416591473,0.32839077675044126,0.06332632198143126,-0.07668936894917694,0.05549522664455562,0.08751046748826959,-0.07066934071053828,-0.04163545533583181,-0.07829598465927279,-0.06531959717098873,0.04766880829659422,0.06365384142047378
0.12006166434828151,0.6159191746805371,0.8716027135652306,0.3946655420782277,0.14557225222471865,0.3753033637657957,0.2770768258821815,0.6235808385905238,0.21980118380830638,0.46401228421894525,0.3939456428343245,0.251402332795477,0.5052888539634952,0.2545364627547308,0.21787674389480138,0.2663330522579906,0.622334498117175,0.19877245146430847,0.29144029241155434,0.6098932452953445,0.378522060955652,0.5617734428318957,0.17441225267069038,0.4774774531888632,0.7431338630795113,-0.6032987775690973,0.4145052054421212,0.4097637117383006,0.3876740320973355,1.4141354881060504,0.6481286631224429,0.24637126060908993,0.18106217485887638,0.4555815328630639,0.7244513514789321,0.4429196545064184,1.3108954875048238,0.2866182844519135,2.9091953651053144,0.43503047367836084,0.5185244540564298,0.27040627361735237,0.8162366975541507,0.5564442921518593,0.6384926328729013,0.1641796739895991,0.7852224372799319,0.022256735974031334,1.4084419760276004,0.41510542081841095,-0.025291125246872687,-0.3849534656985798,0.2347313738930407,-0.33883833213008807,0.06332127728035496,-0.15048646855535847,-0.05953100270977685,-0.07837116268635978,0.2840371025927628
0.06383093314249202,0.26238783859390163,0.30709443711410206,0.10767203478262855,0.09079974947202989,0.07240902191062647,0.07250658638683918,0.1909479141464924,0.12088888000620103,0.1697568408230046,0.1288014730358839,0.07196257222659101,0.15449730628338612,0.14814499488690983,0.11957705874462901,0.16891674846150673,0.23685604732905627,0.09654203057334027,0.14551379771064613,0.2684542907899546,0.3165244058488792,0.29048469441437,0.11347713158579685,0.14593663377922433,0.194354510027678,0.21208310396767577,0.2861851594323151,0.07366915578066217,0.28767892435681575,0.5280752030589383,0.1403581059703123,0.35222126474622933,0.1942555403736367,0.027670933548803057,-0.040395529169726704,0.2776020791597049,-0.20715568268096113,0.15291259746360872,0.43503047367836084,2.731673419215346,0.17060829914596745,0.40503722093462974,0.4320870271306667,-0.06743511899945036,0.020858039418214507,-0.01661571360249345,0.32415758175386933,0.024676432988873842,1.1212020889380325,-0.1335974596883602,0.37084042127935596,-0.3154226833682491,0.05797690084562851,0.1604430000043849,0.2557016335930942,-0.025520216163678347,-0.1394419349087505,-0.18101228136814446,0.5997375511479365
0.10263144993369235,0.38696386444104575,0.4316740496022776,0.16466823025364755,0.137919496526082,0.03906798956900087,0.046095830219368736,0.2683841199246279,0.10174816992270785,0.24243935885279705,0.15058012747739585,0.020571784824611878,0.19660760967918184,0.2842517332391709,0.28417338297712935,0.2574231131512721,0.2100253465014443,0.19611821093785617,0.22944858176826766,0.2548000509698092,0.2963442853613863,0.17420160307585533,0.22197892353058946,0.3919982355752453,0.2556914702432929,0.23727700231013818,0.17230863518579095,0.15369347602342318,0.0360414892401205,1.43381343317048,0.45712880796585975,-0.003282373118185509,-0.5305967936507678,-0.11772087179507569,0.6962629964370641,0.23623543617082027,0.5539687275237777,0.1134362952644119,0.5185244540564298,0.17060829914596745,2.623468559336598,0.19357605624536936,0.41288704030513035,0.35609863514574586,-0.8985607439012276,0.7613406817832922,0.805123478409692,-0.06799723750258437,0.985931780045974,0.14233599792752685,0.015700750299570198,-0.08848522736071089,0.022885524694095424,-0.022110676512495944,0.10986655427687116,-0.12397433733386506,-0.16264243122767427,-0.004179305465549345,0.48901387029479726
0.06529365629551076,0.529672528272943,0.4659431865582853,0.32099764455930785,0.2562921268876734,0.23279181601156373,0.20295951020894337,0.28122719256420786,0.22238060027243536,0.22685345033223317,0.2625591225797413,0.225399159301254,0.282514228672797,0.24451816304500806,0.2764789531176112,0.34200059002298644,0.3819744284150803,0.16946763119359345,0.23134003489039903,0.5042026345484069,0.44527073397713857,0.3207519876244456,0.1731557036322796,0.39515342140821824,0.2976942756553302,0.36432532175085613,0.504192043787907,0.41165446611276185,0.19117763035593469,0.49344430299949804,0.39076407801742474,0.5285699963531888,0.5007515829773717,0.35701419889313335,0.3440328497412359,0.6309679801298714,0.6583568921440243,0.3117563979379102,0.27040627361735237,0.40503722093462974,0.19357605624536936,0.6650802238689186,0.4145496799002997,0.21357506256270176,0.437716084495779,0.13751951676841956,0.3383467723635401,0.000987593596774466,0.7387873990778361,0.07492443714934355,-0.12774160157609726,0.02096535661877843,0.052026722804880327,-0.07923748715667425,-0.065190867520792,-0.09559220640496123,-0.11940839517319433,0.06019594434779951,0.11725929547375066
0.09985819980174157,0.5604687083359824,0.600870790441762,0.39639370289079234,0.12057112353898108,0.30989437870608866,0.25770997569343485,0.4613314822899396,0.2819022124210078,0.3455742303769498,0.2968608630929699,0.21172770840146116,0.33726075832314345,0.35109327889044784,0.3063375014214165,0.24855096589138254,0.4584635118368979,0.29834607376262035,0.21796780737901642,0.6544089385904508,0.39647078393843127,0.56656232610198,0.34138590535061003,0.47799150883352914,0.39906324381487646,0.23562711806533745,0.8868762130241439,0.33524500150109404,-0.11714092234882749,0.9514978897336491,0.48539852526001753,0.3317515126163925,0.24296685998005615,0.36457391444890624,0.41523836934485553,0.42713831363015575,1.1553191311917979,0.36637609458474724,0.8162366975541507,0.4320870271306667,0.41288704030513035,0.4145496799002997,2.024435853160798,0.4167711927132648,0.7674927120735485,0.15457218857679667,0.5955559854820346,0.0051666365017467965,0.8622291449216636,0.08142120521383629,-0.029584088431598706,-0.09455847165184306,0.06063051228959732,-0.18136274414402712,0.08674856680250886,-0.05100078399964831,-0.13914062111149927,0.23479554805246677,0.030143062733576063
0.06384415535672466,0.22991289742739063,0.4361838934060125,0.2640987469411277,0.11351772548768368,0.3647674397184106,0.2107658527650152,0.3878558246590963,0.1788451420452689,0.24442029116292507,0.2466467999665087,0.17416532543046062,0.3198106036500233,0.2763358827180663,0.23577567652230103,0.30747918394520224,0.3495412667245757,0.16579960239076216,0.17815037216453689,0.49472981863622917,0.23931616224589825,0.2600964363021643,0.5057698662343691,0.4830383459321677,0.4636147757320456,0.2078518529211785,0.39353052124469634,0.5669553417311322,-0.21520465341428438,0.9743158515902909,0.27510052210256714,-0.009430287356637783,0.3562416895017006,0.31864796044752786,0.685526599214587,-0.3730218260622809,0.7975585075488122,0.4204004359306795,0.5564442921518593,-0.06743511899945036,0.35609863514574586,0.21357506256270176,0.4167711927132648,2.4884218469682997,0.32192805225787985,-1.0869323306364516,0.5497299409024407,0.09699841794725883,2.407076113436815,0.029854371148669814,-0.09570840098942707,-0.10202211993040085,-0.012713640087141119,-0.055840432740530944,0.08451387403067807,-0.17811817885850073,-0.09053189853963443,-0.0382168055389539,0.45795978123288217
0.07840537730540773,0.38902327636204964,0.2513173645611148,0.12926294649832237,-0.08876648497805016,0.18950414989384867,0.10310604475396089,0.19525456732500757,0.16322073993022684,0.05769239978123812,0.20224028311425563,0.11074391307727842,0.06948242640185759,0.08001601330796433,0.06252152742721791,0.1463798923557862,0.3887846301672369,0.16787852758952168,-0.01656338264048409,0.794631290309505,0.17094626616712325,0.04456568409286073,-0.052918826855461086,0.16942546316043003,0.16066376130546992,-0.17433685823847786,0.32067635337571176,0.1980005673330587,-0.40411208057389186,0.4973072644705265,0.38472116608775864,0.18439831181973443,-0.42046301887476567,-0.22228347941248291,0.6636234866015842,0.24372120166557595,1.8083227901649523,0.4958519542845272,0.6384926328729013,0.020858039418214507,-0.8985607439012276,0.437716084495779,0.7674927120735485,0.32192805225787985,4.501357767985308,-0.5523143036892066,0.23300999038944029,0.049423694404701936,-1.6310265543704265,0.2818676135460795,0.20939803151539335,-0.3346372566959018,0.04070594967325591,-0.0339878259508605,-0.10947162949085702,-0.15027446333828756,0.2605627748013612,0.20468986014917231,-0.7224731201445148
0.05688675325603568,0.3247401398915521,0.3247334994805014,0.24821227892515718,0.1879474666141699,-0.058066517228193386,0.105393673750938,0.10668777038784866,0.23913008501785213,0.15863578083465682,0.19374679562643585,0.1331881950870841,0.19756847389349005,0.09434521715470896,0.14754411459694203,0.058268785992326856,0.2044432924959771,0.228951758037841,0.13232797852042955,0.16657808439909827,0.18563763199225938,0.2728046584163403,0.2630452921500389,0.29352898586771436,-0.011250775802640398,0.1175358387414545,0.24001754730607766,-0.1789612948740761,0.3501744410130011,-0.013250181737182714,0.28333644543309816,0.09693752515332903,0.007621435044556983,0.04975520331000059,-0.17605385912244276,1.1749501568711826,0.03189521431987208,0.11964983192790661,0.1641796739895991,-0.01661571360249345,0.7613406817832922,0.13751951676841956,0.15457218857679667,-1.0869323306364516,-0.5523143036892066,3.639922737283925,0.076117903041912,-0.26445412130719786,-4.744964645172283,0.0023232868917715064,0.41737559833708304,-0.3788883932767955,0.34399352843916703,-0.21948686051188898,-0.017361545185875345,0.02350381443375488,0.06823084403532874,-0.010911708690599166,-0.40586575337225705
0.13356027932312292,0.5306548273195184,0.5844611562889065,0.3153667124809893,0.1473998490572959,0.2569976986800221,0.19260904589747224,0.40757695499665514,0.18881209059690784,0.3335995585884996,0.2556339951328886,0.16588344960664697,0.3078414770903607,0.27418098024352033,0.3015306018220578,0.2893838773933498,0.34707596992345807,0.40634739803494696,0.2650353977791863,0.4742352538963745,0.34283272020631833,0.358561891393362,0.29797323180850266,0.45149607416078685,0.48487254330703816,-0.01903583409594405,0.26299567051292555,0.3782166436942185,0.3739107747421343,1.589108338089747,0.4929553439582117,0.3152166703683064,0.1641806782215058,0.18917406567904585,0.6411992033087839,0.3162811898608584,0.8681991695984879,0.2727541653662377,0.7852224372799319,0.32415758175386933,0.805123478409692,0.3383467723635401,0.5955559854820346,0.5497299409024407,0.23300999038944029,0.076117903041912,1.4288220894847121,0.0042042823482658365,1.6484139020624615,0.06770479065735091,-0.049555716215407955,-0.08785863845265117,0.07226080875103015,-0.09762533715530658,0.008379359562072131,-0.1458633581023469,-0.0025600894397266303,0.1198295248916145,0.074724774489687
-0.003302836123432537,0.0017437189587809117,0.002116097456840209,-0.002699531893039183,-0.00513139954295061,0.009770642322005236,0.0008400887223616488,0.0028997707572103876,-0.007604633691073029,-0.0019244298468968205,-0.0026345208329493367,0.0022239328367548447,-0.0014649517765932376,-0.003431482285705248,-0.004604689922451833,-0.0011073950850600256,0.001501676019146057,-0.00953530168137297,0.0006157120123853331,0.005822649444151259,-0.0011071890335914616,-0.011402713453088029,-0.02126689618913445,-0.015404600930468445,0.015644606594862314,-0.012824607284414464,-0.0013895762013888182,0.03125212584810702,-0.03202027044276929,0.010065403701169227,-0.0061500563022297335,0.007057030991304705,0.043710204409764954,0.019291971498415078,0.016194565425729793,-0.07894120598635501,0.030235527813171008,0.004298811416591473,0.022256735974031334,0.024676432988873842,-0.06799723750258437,0.000987593596774466,0.0051666365017467965,0.09699841794725883,0.049423694404701936,-0.26445412130719786,0.0042042823482658365,0.5880418224416469,0.41482904581438174,0.009212986206528176,-0.013102364773592931,0.042395591472744944,-0.006899090646847013,-0.03254256131914762,-0.0060012872644042425,-0.0023951054843781606,-0.00924500984185731,0.00508815908226905,0.01579347747727952
0.22718578319290914,0.7221324870565687,0.7897294094625331,0.42509795757092295,0.40968740187576463,1.0579775470427408,0.44419769356918953,0.9331512583434541,-0.004369697583667314,0.643487920144556,0.28758820671173857,0.5103875973842553,0.535313988654965,0.7397020476841999,0.5589456050843148,0.6364699515817516,0.7498524891160291,0.26269657923296336,0.6608381190898686,0.8713398841494234,0.7876151243486946,0.6942282287763267,0.13393916136311587,0.6170379502698121,1.5479805252783336,0.23798230769763642,0.8483916978136276,1.4141864483299849,1.2013873513237274,2.5979890703840884,0.7665525364919459,1.7941597177855912,1.6343821318754161,1.4666193643350236,1.0864140394823605,-0.44182127295640117,2.053280940611391,0.32839077675044126,1.4084419760276004,1.1212020889380325,0.985931780045974,0.7387873990778361,0.8622291449216636,2.407076113436815,-1.6310265543704265,-4.744964645172283,1.6484139020624615,0.41482904581438174,34.7265450015443,0.6409767845378535,-1.4375957941244906,0.6568380151047785,-0.5193462126606707,-0.009799075305544564,-0.42805902724739614,-0.41582327072496444,0.44719958563332285,0.6579598551284566,0.23729984672221474
0.008723650893884136,0.08118725640592422,0.3277917198565467,0.2126195925084425,0.1738354355325944,0.27987735488626575,0.006737862673550341,0.2611692813513445,-0.03717550526370024,0.1198508981349734,0.06460794381371744,-0.058230734790741354,0.17959075873293529,0.17656272502625703,0.07279878450666169,-0.2007790565253174,0.3082041507285249,0.10232947770923158,0.2259931828638946,0.0019026227909547052,0.16402879804745116,0.10309752973665931,-0.0765691974073172,-0.047011361595084275,0.2641288642511068,0.14674880655901465,0.16994915995962906,0.24115489163461215,0.4428230475284144,-0.021284283385389503,0.15309204098271867,0.3390514769465014,0.22443381522831474,0.16973946164425197,-0.1805974912451753,0.24458210571871458,0.5929149423513147,0.06332632198143126,0.41510542081841095,-0.1335974596883602,0.14233599792752685,0.07492443714934355,0.08142120521383629,0.029854371148669814,0.2818676135460795,0.0023232868917715064,0.06770479065735091,0.009212986206528176,0.6409767845378535,3.79547589834752,-0.4625867227204053,-0.7042925549918206,-1.1309024500559375,-0.5882849161980448,-0.09507113664825587,-0.06758263894208064,-0.04066543873082288,0.07531104747895066,0.08434109087704378
0.001156360480954851,-0.00067282781825056,0.00019126495982987283,-0.13219926184184944,-0.0770676179593562,-0.28536943575719936,-0.0661643233237271,-0.0777588135755007,0.05715433349119613,-0.038656963056546416,-0.03241232103557673,-0.06448085786818951,-0.03235604417502119,-0.06938396365726522,-0.23586746035591705,-0.12328318582256495,-0.04883805961722981,0.1411521465842979,0.0034041304226825777,-0.11694731472060006,-0.09701477638760765,0.025120108496312014,0.0392934503927958,-0.1919485112887966,0.002893057452464955,-0.276702093567396,-0.3090775234987039,-0.2840829284307236,-0.32063965772564573,-0.19088654147862172,-0.10461543550154838,-0.1965989268234138,-0.2903120383753001,-0.11318882531024546,-0.24785670926511988,-0.11492453564868979,-0.3427001151265665,-0.07668936894917694,-0.025291125246872687,0.37084042127935596,0.015700750299570198,-0.12774160157609726,-0.029584088431598706,-0.09570840098942707,0.20939803151539335,0.41737559833708304,-0.049555716215407955,-0.013102364773592931,-1.4375957941244906,-0.4625867227204053,2.0917597364323584,-1.4001340140687248,0.17122238150530078,-0.1268591550412079,0.10281233574567546,0.06538823397754566,0.07554147122884136,-0.10498726674310822,-0.0809484799389976
-0.0197679248917806,0.008550228806243735,-0.09618128251325525,0.012988872818972942,-0.03795511684875882,-0.016170947100791547,-0.03477139240960232,-0.2966832206428697,-0.06360600575760231,-0.04199970673702127,-0.10922514993114486,0.07309807481137914,-0.22507659937661528,-0.051902024252947064,0.3458894878357068,0.04355694550047008,-0.14049694314782474,-0.1072297946241959,0.04305443830977005,0.009310389505087146,0.0252008083932281,-0.36918955157296124,-0.0821144448010763,0.024950422267332344,0.01752979513113071,0.08696066963295336,0.18251856645980444,0.5519375974771257,-0.03545937751601238,-0.0956683402154503,0.010144888774570269,0.15556376720217513,0.30697370812437275,-0.023203425237084168,-0.0055413805320462025,0.037109308976234455,-0.21685104586253934,0.05549522664455562,-0.3849534656985798,-0.3154226833682491,-0.08848522736071089,0.02096535661877843,-0.09455847165184306,-0.10202211993040085,-0.3346372566959018,-0.3788883932767955,-0.08785863845265117,0.042395591472744944,0.6568380151047785,-0.7042925549918206,-1.4001340140687248,3.7828598381340957,-1.1765895515024447,-0.12758643273506023,-0.061871065248072156,0.07369518276918068,-0.04747072291189099,0.05365122807811013,-0.047738894503621426
-0.0016239842416348458,0.12565182149008294,0.037808675734029004,0.04684214225882992,0.09114383033785257,-0.12116646930367829,0.04129874364354977,0.14079081413380243,0.1184872613859282,0.007335704489305259,0.16794069006024115,0.06078965802616237,0.1173529958028327,-0.06654565989791138,-0.11065016273690091,0.09212398667046465,0.16790892299798404,-0.06479060627947383,-0.1265747118645031,0.23710834832881403,0.0025224255786029594,0.11047720218459191,0.10229149914623173,0.2031775278854852,-0.14059453332987612,-0.07120037448163942,0.11785184745469167,-0.5374958270146927,-0.1350730901918224,0.23314113042011478,0.066032734530771,-0.01884999676927448,0.056391824766196204,0.03189575578547273,0.06198285305849105,0.18468797033788328,0.09571177595222354,0.08751046748826959,0.2347313738930407,0.05797690084562851,0.022885524694095424,0.052026722804880327,0.06063051228959732,-0.012713640087141119,0.04070594967325591,0.34399352843916703,0.07226080875103015,-0.006899090646847013,-0.5193462126606707,-1.1309024500559375,0.17122238150530078,-1.1765895515024447,2.1740018388493514,-0.011503300536512067,0.006740445692991193,-0.06625320170292082,0.013934572393094757,-0.03787999249922989,0.017563538000486382
-0.004800813204227053,-0.25954457737428516,-0.30462471078781167,-0.23224014496634787,-0.13899423184281387,-0.06016933823098746,-0.10234422677613404,-0.10237566178249818,-0.10545152547189146,-0.09893993586428404,-0.09809974682559534,-0.10577673433431863,-0.15731014542162713,-0.045809273169933815,-0.07375992762469571,0.0231006588887637,-0.13694364339132442,-0.12350885104019203,-0.16580503394099902,-0.1053555887442811,-0.13075037983261117,-0.18281478725434472,-0.035196298584660744,-0.06656999252920255,-0.21498316928948066,0.018538428536220636,-0.16228919268589992,-0.10786233000331949,-0.08332674717116528,-0.04701535482644551,-0.1552937386077929,-0.20418460536307426,-0.46270970707614767,-0.25060214983267404,0.20990111844482778,-0.29546809360187287,-0.24228682236333665,-0.07066934071053828,-0.33883833213008807,0.1604430000043849,-0.022110676512495944,-0.07923748715667425,-0.18136274414402712,-0.055840432740530944,-0.0339878259508605,-0.21948686051188898,-0.09762533715530658,-0.03254256131914762,-0.009799075305544564,-0.5882849161980448,-0.1268591550412079,-0.12758643273506023,-0.011503300536512067,0.9304949713115761,0.057835654185723784,0.0014173866075788478,0.04544244218030923,-0.027138189767819083,0.029353439499895502
0.009316076863313493,-0.3251823718555389,0.15339339332125043,-0.10459085751026104,-0.09878283810567368,-0.09759660724557014,-0.06328013047746173,-0.07516960947781631,0.027227258618996313,0.13739933210523791,-0.08051936222371824,-0.07748100570518233,0.018430091989977887,-0.10589946881105272,-0.0823181758007441,-0.013657566256536597,0.08831987899915587,-0.006967882004853792,-0.09502788925469799,-0.032097682255178034,-0.007492304481906503,0.0719652263874876,0.06712307859314103,0.062465506538198816,0.018959335623599107,-0.12006213314031564,-0.04998537924011748,-0.07331266687760465,-0.15149246283290743,-0.006159350462745847,0.026118350380504574,-0.49777015427673266,-0.12928729049942225,-0.05165352108416708,-0.025217162606800805,-0.21744656081644642,0.010636884681409893,-0.04163545533583181,0.06332127728035496,0.2557016335930942,0.10986655427687116,-0.065190867520792,0.08674856680250886,0.08451387403067807,-0.10947162949085702,-0.017361545185875345,0.008379359562072131,-0.0060012872644042425,-0.42805902724739614,-0.09507113664825587,0.10281233574567546,-0.061871065248072156,0.006740445692991193,0.057835654185723784,1.9823039942930971,-0.04152255582560993,-0.12706003907017907,-1.6174858476394753,0.9514965458878933
-0.021127753636067417,-0.21464185840219854,-0.030203773751890494,-0.03195380291847416,-0.18832067483849113,0.0018963133899361198,0.05462359701478998,-0.08511145896901692,0.07083284615976566,0.03376033302994437,-0.047706170610430525,0.05899855549252749,-0.08996354915735245,-0.05811725726333952,-0.018236817079686746,-0.08770424369243024,-0.08281905676932869,0.047382031325380276,-0.05882207273479049,-0.14977625299680286,-0.06022056792647046,-0.023631786845210404,0.0033270316436445047,-0.06976805437531991,-0.014361313762937273,-0.009986801070024457,-0.01201970965018924,-0.13104615934523609,0.002662426500343628,-0.36307648874790216,-0.04659549454749767,-0.007571607130374209,-0.10076596891171344,0.019302090257478272,-0.1937869000231383,-0.05926629804336153,-0.2917710827632328,-0.07829598465927279,-0.15048646855535847,-0.025520216163678347,-0.12397433733386506,-0.09559220640496123,-0.05100078399964831,-0.17811817885850073,-0.15027446333828756,0.02350381443375488,-0.1458633581023469,-0.0023951054843781606,-0.41582327072496444,-0.06758263894208064,0.06538823397754566,0.07369518276918068,-0.06625320170292082,0.0014173866075788478,-0.04152255582560993,0.7109499057749523,-0.09016645519423443,-0.038444848593722845,-0.6344617482128571
0.07426193879995092,-0.5838358005525848,-0.41333114988334235,-0.13331746075332812,-0.190141179630448,-0.017723543906541187,-0.0025644625412461985,-0.06247090441465555,0.001803407361879598,-0.07529175769912819,-0.09128959707625406,-0.05508281637401829,-0.22874842767767112,-0.194200215012679,-0.22177440723378147,-0.1652211456911551,-0.16494434504322944,0.08614637328530346,-0.09487710771762138,-0.13417611271656493,-0.1284487519996715,-0.10526134980388302,-0.045787226031177866,-0.12326071033494473,-0.10564007549951031,-0.114525057244003,0.00955136349742975,-0.08878393052777714,-0.3053083340440316,-0.11015627337007483,-0.007679453220378573,-0.061315275199678713,-0.1481107095153816,-0.23671115240997093,-0.04869010313658692,-0.05455482003387961,-0.05284077211044166,-0.06531959717098873,-0.05953100270977685,-0.1394419349087505,-0.16264243122767427,-0.11940839517319433,-0.13914062111149927,-0.09053189853963443,0.2605627748013612,0.06823084403532874,-0.0025600894397266303,-0.00924500984185731,0.44719958563332285,-0.04066543873082288,0.07554147122884136,-0.04747072291189099,0.013934572393094757,0.04544244218030923,-0.12706003907017907,-0.09016645519423443,1.7582266983870722,-0.27767400304612744,-1.266095255218836
0.05620732396562202,0.21290624315984336,-0.4059496769801531,0.12276285920095038,0.08991292275521834,0.2055293933205937,0.09066634647848713,0.18931677065018848,-0.012528707152890402,-0.27656237085282026,0.09283901915065707,0.08359985378117563,-0.12623673646052902,0.21226499009005242,0.1314588822163394,0.033794535223723235,-0.09974354371960886,0.10917232688401433,0.12066544195520311,0.04233036281659251,0.0238053513649506,-0.09205948421154828,-0.035721150489553315,-0.14269487794601693,-0.017167369209083516,0.20271001347668408,0.16256827608020313,0.03981034353492492,0.08900533375340916,0.18171353264361756,-0.03897751594264187,0.4310934333835361,0.05516881630177905,-0.056191365735947685,0.006778291641646111,0.06216136340304182,0.01258617894196914,0.04766880829659422,-0.07837116268635978,-0.18101228136814446,-0.004179305465549345,0.06019594434779951,0.23479554805246677,-0.0382168055389539,0.20468986014917231,-0.010911708690599166,0.1198295248916145,0.00508815908226905,0.6579598551284566,0.07531104747895066,-0.10498726674310822,0.05365122807811013,-0.03787999249922989,-0.027138189767819083,-1.6174858476394753,-0.038444848593722845,-0.27767400304612744,2.7961622748076613,-1.8273472450820039
-0.13299044207023938,0.6990390314976509,0.6767356049818629,-0.010093242296016859,0.3575343962534044,-0.25429997143786215,-0.20709872107706936,0.0019691364849379147,-0.16973896571573768,0.23960572580294673,0.00541546007233694,-0.2557726397604713,0.3426396440950838,0.11659875668422519,0.16356634722231017,0.16129309955477228,0.29015634312402716,-0.2993819685730644,0.06755013679387546,0.19150786573822617,0.12395224630868654,0.10705796391232825,0.05000859819994184,0.29042354705617085,0.18704947883649284,-0.11457956789752065,-0.10824113340621798,0.1319849708156356,0.2747303172985815,0.4545234316356139,0.025570814679369593,-0.37055710162034455,0.18471232539137963,0.3448296160329612,0.08789200959689777,-0.24882159465807085,0.3345681347268289,0.06365384142047378,0.2840371025927628,0.5997375511479365,0.48901387029479726,0.11725929547375066,0.030143062733576063,0.45795978123288217,-0.7224731201445148,-0.40586575337225705,0.074724774489687,0.01579347747727952,0.23729984672221474,0.08434109087704378,-0.0809484799389976,-0.047738894503621426,0.017563538000486382,0.029353439499895502,0.9514965458878933,-0.6344617482128571,-1.266095255218836,-1.8273472450820039,4.593042907026822
